Keyword,Search Volume,Keyword Difficulty,Position,Traffic,URL,competitor,category
noblie custom knives,140,25.0,1,112,https://nobliecustomknives.com/,noblie,page
xinzuo,140,30.0,1,112,https://xinzuocutlery.com/,xinzuo,page
koi knives,110,12.0,1,88,https://www.koiknives.com/,koi,page
noblie,50,34.0,1,40,https://nobliecustomknives.com/,noblie,page
noblie paracord beads,40,26.0,1,32,https://nobliecustomknives.com/product-categories/paracord-beads/,noblie,page
koi knife,30,14.0,1,24,https://www.koiknives.com/,koi,page
blade gallery,1000,13.0,8,24,https://nobliecustomknives.com/blade-gallery/,noblie,page
alpha knife supply,1300,35.0,1,11,https://nobliecustomknives.com/knife-guide/detail/alpha-knife-supply/,noblie,page
types of swiss army knives,70,34.0,1,9,https://nobliecustomknives.com/swiss-army-knife-identification-chart/,noblie,page
xin zuo,50,32.0,1,9,https://xinzuocutlery.com/,xinzuo,page
henkles,1000,46.0,1,7,https://www.insight-kitchenknife.com/what-knives-does-gordon-ramsey-give-to-hell-s-kitchen-chef-s.html,insight,page
easy paracord knots,170,29.0,1,7,https://nobliecustomknives.com/how-to-tie-knife-lanyard/,noblie,page
collectors knives,390,46.0,4,5,https://nobliecustomknives.com/collectible-knives/,noblie,page
shieldon knives,140,26.0,3,2,https://www.shieldon.net/,shieldon,page
russell knives arkansas,210,32.0,4,1,https://nobliecustomknives.com/us-knife-laws/arkansas-knife-laws/,noblie,page
bob kramer chef knife,170,24.0,2,1,https://nobliecustomknives.com/most-expensive-knife/,noblie,page
arkansas knife shop,170,26.0,2,1,https://nobliecustomknives.com/us-knife-laws/arkansas-knife-laws/,noblie,page
alaska knifeworks,480,26.0,4,1,https://nobliecustomknives.com/us-knife-laws/alaska-knife-laws/,noblie,page
knife shop new orleans,50,6.0,3,1,https://nobliecustomknives.com/us-knife-laws/louisiana-knife-laws/,noblie,page
bladesmith bob kramer,390,23.0,2,1,https://nobliecustomknives.com/custom-knife-makers/,noblie,page
florida knife,70,22.0,53,0,https://www.shieldon.net/a-guide-to-florida-knife-laws-carrying-straight-and-folding-knives/,shieldon,page
swiss army type knives,90,26.0,60,0,https://www.shieldon.net/20-recommended-comparisons-of-swiss-army-knives-multi-knives-and-all-purpose-knives/,shieldon,page
wholesale blade,90,37.0,66,0,https://www.shieldon.net/the-top-5-pocket-knife-wholesale-distributors-for-quality-blades-at-unbeatable-prices/,shieldon,page
concealed knife laws,70,30.0,69,0,https://www.shieldon.net/comprehensive-guide-to-pocket-knife-laws-in-every-us-state/,shieldon,page
ax and hatchet,110,23.0,69,0,https://www.shieldon.net/what-is-the-difference-between-an-ax-and-a-hatchet-which-one-do-you-choose-heavy-users-teach-you-in-an-easy-to-understand-manner/,shieldon,page
modular multitools,40,27.0,70,0,https://www.shieldon.net/multi-tools/,shieldon,page
cutlery wholesale,480,58.0,88,0,https://www.shieldon.net/the-top-5-pocket-knife-wholesale-distributors-for-quality-blades-at-unbeatable-prices/,shieldon,page
key knife tualatin,90,29.0,89,0,https://www.shieldon.net/product_categories/key-knife/,shieldon,page
odm tool manufacturing,90,18.0,97,0,https://www.shieldon.net/a-full-guide-to-the-multi-tool-manufacturing-process-at-shieldon/,shieldon,page
cuchillos de royal prestige,110,20.0,1,0,https://nobliecustomknives.com/es/most-expensive-knife/,noblie,page
country knives lancaster pa,70,21.0,1,0,https://nobliecustomknives.com/best-hunting-knife-brands-a-comprehensive-guide/,noblie,page
hulu knives,90,25.0,1,0,https://nobliecustomknives.com/the-ulu-knife-history-design-and-cultural-significance/,noblie,page
knife world tn,70,29.0,1,0,https://nobliecustomknives.com/us-knife-laws/tennessee-knife-laws/,noblie,page
vegas damascus,70,22.0,1,0,https://nobliecustomknives.com/how-much-do-damascus-knives-cost/,noblie,page
alphaknifesupply,90,34.0,1,0,https://nobliecustomknives.com/knife-guide/detail/alpha-knife-supply/,noblie,page
arkansas knife,50,29.0,1,0,https://nobliecustomknives.com/us-knife-laws/arkansas-knife-laws/,noblie,page
wizard knives,90,3.0,2,0,https://nobliecustomknives.com/custom-knife-price-list/,noblie,page
work sharp angle guide,70,9.0,2,0,https://nobliecustomknives.com/knife-sharpening-angle-guide-quick-chart-for-beginners/,noblie,page
baker forge damascus,40,8.0,2,0,https://nobliecustomknives.com/how-much-do-damascus-knives-cost/,noblie,page
mike morris knives,70,25.0,2,0,https://nobliecustomknives.com/most-expensive-knife/,noblie,page
burger cane,50,30.0,2,0,https://nobliecustomknives.com/are-cane-sword-illegal/,noblie,page
swiss army type knives,90,26.0,2,0,https://nobliecustomknives.com/swiss-army-knife-identification-chart/,noblie,page
nichols damascus,110,24.0,3,0,https://nobliecustomknives.com/how-much-do-damascus-knives-cost/,noblie,page
arizona custom,320,34.0,3,0,https://nobliecustomknives.com/how-much-do-damascus-knives-cost/,noblie,page
bob kramer chef knives,40,43.0,3,0,https://nobliecustomknives.com/most-expensive-knife/,noblie,page
navajas cuerno de venado,50,31.0,3,0,https://nobliecustomknives.com/es/us-knife-laws/california-knife-laws/,noblie,page
concealed knife laws,70,30.0,3,0,https://nobliecustomknives.com/state-knife-laws/,noblie,page
ramos knives,40,30.0,3,0,https://nobliecustomknives.com/custom-knife-makers/,noblie,page
country knives photos,40,20.0,3,0,https://nobliecustomknives.com/best-hunting-knife-brands-a-comprehensive-guide/,noblie,page
amazon karambit knife,110,30.0,3,0,https://nobliecustomknives.com/ultimate-guide-to-karambits-self-defense-tactical-use-everyday-carry/,noblie,page
country knives in lancaster,50,9.0,3,0,https://nobliecustomknives.com/us-knife-laws/pennsylvania-knife-laws/,noblie,page
echefknife,70,25.0,4,0,https://nobliecustomknives.com/most-expensive-knife/,noblie,page
swords from around the world,40,15.0,4,0,https://nobliecustomknives.com/types-of-swords/,noblie,page
laguile,140,31.0,4,0,https://nobliecustomknives.com/most-expensive-knife/,noblie,page
forged from texas,70,11.0,4,0,https://nobliecustomknives.com/custom-knife-price-list/,noblie,page
arizona customs,110,29.0,5,0,https://nobliecustomknives.com/custom-knife-price-list/,noblie,page
st paul circus,90,23.0,5,0,https://nobliecustomknives.com/knife-juggling-a-thrilling-answer-to-what-s-it-called-when-people-entertain-with-knives/,noblie,page
hrc 60,70,0.0,5,0,https://nobliecustomknives.com/rockwell-hardness-test-for-knives/,noblie,page
knifedogs,70,11.0,5,0,https://nobliecustomknives.com/custom-knife-price-list/,noblie,page
victorinox knife sets,170,20.0,5,0,https://nobliecustomknives.com/us-knife-laws/washington-knife-laws/,noblie,page
shard knife,50,24.0,5,0,https://nobliecustomknives.com/most-expensive-knife/,noblie,page
german knife shop,90,23.0,6,0,https://nobliecustomknives.com/best-german-knives/,noblie,page
black dragon forge,70,12.0,6,0,https://nobliecustomknives.com/knife-guide/detail/black-dragon-forge/,noblie,page
knife works tn,260,33.0,6,0,https://nobliecustomknives.com/us-knife-laws/tennessee-knife-laws/,noblie,page
exquisite knife,50,22.0,6,0,https://nobliecustomknives.com/knife-guide/detail/exquisiteknives-com/,noblie,page
knife store phoenix,110,35.0,7,0,https://nobliecustomknives.com/us-knife-laws/arizona-knife-laws/,noblie,page
lone star circus,170,25.0,7,0,https://nobliecustomknives.com/knife-juggling-a-thrilling-answer-to-what-s-it-called-when-people-entertain-with-knives/,noblie,page
neilson knives,140,29.0,8,0,https://nobliecustomknives.com/knife-guide/detail/neilson-knives/,noblie,page
knives arkansas,40,55.0,8,0,https://nobliecustomknives.com/us-knife-laws/arkansas-knife-laws/,noblie,page
meesterslijpers,140,23.0,9,0,https://nobliecustomknives.com/nl/sharpest-knife-in-the-world/,noblie,page
bob kramer knives custom,70,14.0,10,0,https://nobliecustomknives.com/knife-guide/detail/kramer-knives/,noblie,page
maverick customs knives,50,16.0,10,0,https://nobliecustomknives.com/knife-guide/detail/maverick-customs/,noblie,page
home depot razor knife,70,29.0,10,0,https://nobliecustomknives.com/why-dont-people-use-razor-blades-for-knives/,noblie,page
alpha knife,110,15.0,12,0,https://nobliecustomknives.com/knife-guide/detail/alpha-knife-supply/,noblie,page
tennessee knife,70,28.0,12,0,https://nobliecustomknives.com/us-knife-laws/tennessee-knife-laws/,noblie,page
maverick customs,260,18.0,16,0,https://nobliecustomknives.com/knife-guide/detail/maverick-customs/,noblie,page
robertson custom cutlery,50,32.0,16,0,https://nobliecustomknives.com/,noblie,page
tsprof sharpener,480,15.0,17,0,https://nobliecustomknives.com/knife-guide/detail/tsprof/,noblie,page
ohio knife,70,15.0,17,0,https://nobliecustomknives.com/us-knife-laws/ohio-knife-laws/,noblie,page
maverick custom knives,50,30.0,18,0,https://nobliecustomknives.com/knife-guide/detail/maverick-customs/,noblie,page
bob kramer knives,1900,49.0,18,0,https://nobliecustomknives.com/knife-guide/detail/kramer-knives/,noblie,page
collector knives,590,40.0,19,0,https://nobliecustomknives.com/collectible-knives/,noblie,page
usa knifemaker,90,52.0,19,0,https://nobliecustomknives.com/custom-knife-makers/,noblie,page
florida knife,70,22.0,21,0,https://nobliecustomknives.com/us-knife-laws/florida-knife-laws/,noblie,page
kramer knives,1300,31.0,23,0,https://nobliecustomknives.com/knife-guide/detail/kramer-knives/,noblie,page
collectorknives,140,14.0,23,0,https://nobliecustomknives.com/collectible-knives/,noblie,page
bob kramer knife,720,41.0,24,0,https://nobliecustomknives.com/knife-guide/detail/kramer-knives/,noblie,page
blades we love,90,27.0,24,0,https://nobliecustomknives.com/,noblie,page
knifeart,590,35.0,26,0,https://nobliecustomknives.com/product-categories/art-knives/,noblie,page
ulu knives alaska,390,11.0,27,0,https://nobliecustomknives.com/the-ulu-knife-history-design-and-cultural-significance/,noblie,page
tsprof,1000,41.0,27,0,https://nobliecustomknives.com/knife-guide/detail/tsprof/,noblie,page
pine ridge knives,140,12.0,27,0,https://nobliecustomknives.com/best-knife-brands-top-picks-for-pocket-kitchen-and-outdoor-knives/,noblie,page
damasteel,590,15.0,28,0,https://nobliecustomknives.com/knife-guide/detail/damasteel/,noblie,page
nobu knives,30,8.0,29,0,https://nobliecustomknives.com/,noblie,page
pine ridge knife company,210,30.0,29,0,https://nobliecustomknives.com/best-knife-brands-top-picks-for-pocket-kitchen-and-outdoor-knives/,noblie,page
monolith knives,50,8.0,29,0,https://nobliecustomknives.com/,noblie,page
indiana knife,70,17.0,32,0,https://nobliecustomknives.com/us-knife-laws/indiana-knife-laws/,noblie,page
making paracord keychains,40,20.0,33,0,https://nobliecustomknives.com/how-to-make-a-paracord-keychain-a-step-by-step-guide/,noblie,page
post knives,210,10.0,35,0,https://nobliecustomknives.com/,noblie,page
bob kramer knifes,40,38.0,35,0,https://nobliecustomknives.com/knife-guide/detail/kramer-knives/,noblie,page
burls and steel,50,7.0,36,0,https://nobliecustomknives.com/,noblie,page
american mint knife,50,5.0,39,0,https://nobliecustomknives.com/collectible-knives/,noblie,page
lmk knives,70,33.0,40,0,https://nobliecustomknives.com/,noblie,page
custom benchmade knife,170,32.0,41,0,https://nobliecustomknives.com/,noblie,page
japanese knives direct,170,35.0,42,0,https://nobliecustomknives.com/japanese-knife-brands/,noblie,page
master cuts burr ridge,110,27.0,43,0,https://nobliecustomknives.com/how-to-sharpen-a-knife-like-a-pro/,noblie,page
mangiafico knives,110,19.0,43,0,https://nobliecustomknives.com/,noblie,page
knife catalog,170,19.0,43,0,https://nobliecustomknives.com/product-categories/catalog/,noblie,page
franken forge,50,27.0,44,0,https://nobliecustomknives.com/,noblie,page
knife makers guild,70,33.0,45,0,https://nobliecustomknives.com/custom-knife-makers/,noblie,page
doberman forge,50,22.0,48,0,https://nobliecustomknives.com/,noblie,page
lile knife,90,21.0,48,0,https://nobliecustomknives.com/,noblie,page
irbi knives,110,33.0,50,0,https://nobliecustomknives.com/,noblie,page
knife maker usa,90,71.0,51,0,https://nobliecustomknives.com/custom-knife-makers/,noblie,page
meglio knives,320,14.0,55,0,https://nobliecustomknives.com/,noblie,page
alaska knife company,140,24.0,56,0,https://nobliecustomknives.com/best-knife-brands-top-picks-for-pocket-kitchen-and-outdoor-knives/,noblie,page
gaskill knives,50,27.0,56,0,https://nobliecustomknives.com/,noblie,page
cudaway knives,140,4.0,57,0,https://nobliecustomknives.com/,noblie,page
bone daddy knives,70,18.0,57,0,https://nobliecustomknives.com/,noblie,page
karambit cool,50,22.0,58,0,https://nobliecustomknives.com/ultimate-guide-to-karambits-self-defense-tactical-use-everyday-carry/,noblie,page
caribou knives,30,9.0,59,0,https://nobliecustomknives.com/,noblie,page
my first swiss army knife,50,11.0,59,0,https://nobliecustomknives.com/swiss-army-knife-identification-chart/,noblie,page
ankura knife co,50,32.0,59,0,https://nobliecustomknives.com/,noblie,page
international knives,30,0.0,59,0,https://nobliecustomknives.com/,noblie,page
blenheim forge knives,30,7.0,60,0,https://nobliecustomknives.com/,noblie,page
law on carrying knives,140,30.0,62,0,https://nobliecustomknives.com/us-knife-laws/michigan-knife-laws/,noblie,page
chefknivestogo.com,30,30.0,62,0,https://nobliecustomknives.com/japanese-knife-brands/,noblie,page
blade hq blade steel,70,22.0,64,0,https://nobliecustomknives.com/knife-steel-chart/,noblie,page
boye knives,210,13.0,67,0,https://nobliecustomknives.com/,noblie,page
lile knives,140,7.0,67,0,https://nobliecustomknives.com/,noblie,page
shelby knives,50,4.0,68,0,https://nobliecustomknives.com/,noblie,page
boye knife,90,12.0,69,0,https://nobliecustomknives.com/,noblie,page
dagger machine,210,6.0,70,0,https://nobliecustomknives.com/antique-daggers/,noblie,page
knives by hand,170,33.0,71,0,https://nobliecustomknives.com/,noblie,page
custom benchmade,210,34.0,72,0,https://nobliecustomknives.com/,noblie,page
north dakota concealed carry class 1,50,7.0,74,0,https://nobliecustomknives.com/us-knife-laws/north-dakota-knife-laws/,noblie,page
knox knives,30,20.0,80,0,https://nobliecustomknives.com/,noblie,page
old school knife,140,48.0,81,0,https://nobliecustomknives.com/collectible-knives/,noblie,page
behring made,70,14.0,87,0,https://nobliecustomknives.com/,noblie,page
north carolina knives,70,57.0,89,0,https://nobliecustomknives.com/,noblie,page
georgia knife company,40,54.0,91,0,https://nobliecustomknives.com/,noblie,page
dc blades,720,14.0,9,0,https://www.shieldon.net/design/dc-blades/,shieldon,page
pinkerton knife,70,7.0,14,0,https://shop.shieldon.net/dirk-pinkerton/,shieldon,page
gerber dagger,210,24.0,15,0,https://www.shieldon.net/gerbers-signature-daggers-mark-1-and-mark-ii/,shieldon,page
shield knife and tool,40,26.0,16,0,https://www.shieldon.net/,shieldon,page
the knife distributor,50,27.0,36,0,https://www.shieldon.net/the-top-5-pocket-knife-wholesale-distributors-for-quality-blades-at-unbeatable-prices/,shieldon,page
knife shop australia,40,50.0,15,0,https://www.koiknives.com/,koi,page
knives and stones australia,90,18.0,44,0,https://www.koiknives.com/,koi,page
knives victoria,110,28.0,55,0,https://www.koiknives.com/,koi,page
le creuset knife set,70,32.0,1,0,https://www.insight-kitchenknife.com/what-knives-do-hell-s-kitchen-contestants-get.html,insight,page
dahlstrom knives,390,32.0,1,0,https://www.insight-kitchenknife.com/what-knives-do-hell-s-kitchen-contestants-get.html,insight,page
williams sonoma electric knife,40,32.0,1,0,https://www.insight-kitchenknife.com/what-knives-do-hell-s-kitchen-contestants-get.html,insight,page
senkenknives,30,36.0,2,0,https://www.insight-kitchenknife.com/what-knives-do-hell-s-kitchen-contestants-get.html,insight,page
mac kitchen knives,90,26.0,2,0,https://www.insight-kitchenknife.com/what-knives-do-hell-s-kitchen-contestants-get.html,insight,page
kansept knife,1600,35.0,3,0,https://www.insight-kitchenknife.com/what-knives-do-hell-s-kitchen-contestants-get.html,insight,page
don nguyen knives,50,25.0,5,0,https://www.insight-kitchenknife.com/what-knives-do-hell-s-kitchen-contestants-get.html,insight,page
watanabe knives,70,4.0,6,0,https://www.insight-kitchenknife.com/top-cooking-knives-manufacturers-in-japan.html,insight,page
french knife company,30,29.0,17,0,https://www.insight-kitchenknife.com/top-10-kitchen-knife-manufacturers-in-france.html,insight,page
consumer reports kitchen knives,30,40.0,19,0,https://www.insight-kitchenknife.com/when-did-consumer-reports-review-kitchen-knives.html,insight,page
atk knives,70,22.0,25,0,https://www.insight-kitchenknife.com/what-knives-does-america-s-test-kitchen-rec.html,insight,page
yatoshi,70,29.0,31,0,https://www.insight-kitchenknife.com/are-yatoshi-knives-real-damascus.html,insight,page
hollowgrind,40,23.0,39,0,https://www.insight-kitchenknife.com/why-aren-t-kitchen-knives-hollow-ground.html,insight,page
benchmade kitchen,140,21.0,61,0,https://www.insight-kitchenknife.com/are-benchmade-kitchen-knives-good.html,insight,page
cookwarenmore,30,31.0,62,0,https://www.insight-kitchenknife.com/serrated-vs-straight-edge-kitchen-knife-which-cuts-better.html,insight,page
zhen knives,30,22.0,6,0,https://xinzuocutlery.com/collections/all/zhen-series,xinzuo,page
zyzo blades,90,33.0,22,0,https://xinzuocutlery.com/,xinzuo,page
yan can cook cleaver,30,26.0,42,0,https://xinzuocutlery.com/collections/cleaver-knife,xinzuo,page
