Keyword,Position,Previous position,Search Volume,Keyword Difficulty,CPC,URL,Traffic,Traffic (%),Traffic Cost,Competition,Number of Results,Trends,Timestamp,SERP Features by Keyword,Keyword Intents,Position Type
xinzuo,1,1,140,30,0.63,https://xinzuocutlery.com/,112,47.86,70.00,0.47,0,"[28,34,34,34,28,28,43,43,53,43,81,100]",2026-03-17,"Sitelinks, Video, Video Carousel, Popular products, Related searches","commercial, navigational",Organic
xin zuo,1,1,50,32,0.57,https://xinzuocutlery.com/,9,3.84,5.00,0.55,8480000,"[66,23,33,33,9,9,9,9,9,9,9,100]",2026-02-25,"Knowledge panel, Sitelinks, Video, Video Carousel, People also ask, Related searches, AI overview","informational, navigational",AI overview
xin zuo,1,1,50,32,0.57,https://xinzuocutlery.com/,0,0,0.00,0.55,8480000,"[66,23,33,33,9,9,9,9,9,9,9,100]",2026-02-25,"Knowledge panel, Sitelinks, Video, Video Carousel, People also ask, Related searches, AI overview","informational, navigational",AI overview
xin zuo,1,1,50,32,0.57,https://xinzuocutlery.com/,1,0.42,0.00,0.55,8480000,"[66,23,33,33,9,9,9,9,9,9,9,100]",2026-02-25,"Knowledge panel, Sitelinks, Video, Video Carousel, People also ask, Related searches, AI overview","informational, navigational",Organic
xinzuo knives,1,1,110,0,0.64,https://xinzuocutlery.com/,27,11.53,17.00,1,182000,"[42,80,0,42,34,80,42,65,65,19,11,19]",2026-02-01,"Image pack, Sitelinks, Video, Image, Video Carousel, People also ask, Popular products, Related searches",commercial,Organic
xinzuo knife 2pcs,1,1,70,0,0.00,https://xinzuocutlery.com/collections/knife-set,9,3.84,0.00,0.33,0,"[0,0,0,52,100,52,33,52,66,19,9,9]",2026-03-08,"Sitelinks, Video, Image, Popular products, Related searches",transactional,Organic
damascus steel knives xinzuo,1,1,40,11,0.00,https://xinzuocutlery.com/collections/damascus-knives,32,13.67,0.00,0.33,138000,"[0,0,0,9,45,100,18,100,100,18,18,18]",2026-03-25,"Sitelinks, Video, Image, Video Carousel, Popular products, Related searches, Discussions and forums",commercial,Organic
knife xinzuo 3 pcs,1,1,50,0,0.00,https://xinzuocutlery.com/collections/knife-set,12,5.12,0.00,0.33,0,"[0,0,0,81,81,81,45,100,100,45,18,18]",2026-03-12,"Sitelinks, Video, Image, Popular products, Related searches","informational, transactional",Organic
xinzuo knife,2,2,140,22,0.64,https://xinzuocutlery.com/,18,7.69,11.00,1,234000,"[100,11,18,11,5,5,5,8,6,23,35,35]",2026-03-03,"Sitelinks, Video, Image, Video Carousel, People also ask, Popular products, Related searches",commercial,Organic
xinzuo knife 2pcs,3,3,70,0,0.00,https://xinzuocutlery.com/products/xinzuo-lan-series-2pcs-damascus-kitchen-knife-set,4,1.7,0.00,0.33,0,"[0,0,0,52,100,52,33,52,66,19,9,9]",2026-03-08,"Sitelinks, Video, Image, Popular products, Related searches",transactional,Organic
damascus steel knives xinzuo,3,3,40,11,0.00,https://xinzuocutlery.com/,0,0,0.00,0.33,138000,"[0,0,0,9,45,100,18,100,100,18,18,18]",2026-03-25,"Sitelinks, Video, Image, Video Carousel, Popular products, Related searches, Discussions and forums",commercial,Organic
knife xinzuo 3 pcs,3,3,50,0,0.00,https://xinzuocutlery.com/collections/knife-set/set,2,0.85,0.00,0.33,0,"[0,0,0,81,81,81,45,100,100,45,18,18]",2026-03-12,"Sitelinks, Video, Image, Popular products, Related searches","informational, transactional",Organic
xinzuo knives,4,4,110,0,0.64,https://xinzuocutlery.com/collections/knife-set,2,0.85,1.00,1,182000,"[42,80,0,42,34,80,42,65,65,19,11,19]",2026-02-01,"Image pack, Sitelinks, Video, Image, Video Carousel, People also ask, Popular products, Related searches",commercial,Organic
knife xinzuo 3 pcs,4,4,50,0,0.00,https://xinzuocutlery.com/products/xinzuo-3-piece-67-layers-damascus-steel-kitchen-knife-set-ya-series,1,0.42,0.00,0.33,0,"[0,0,0,81,81,81,45,100,100,45,18,18]",2026-03-12,"Sitelinks, Video, Image, Popular products, Related searches","informational, transactional",Organic
xinzuo knife,5,5,140,22,0.64,https://xinzuocutlery.com/collections/knife-set,2,0.85,1.00,1,234000,"[100,11,18,11,5,5,5,8,6,23,35,35]",2026-03-03,"Sitelinks, Video, Image, Video Carousel, People also ask, Popular products, Related searches",commercial,Organic
xinzuo 440c gyuto,6,6,40,,0.00,https://xinzuocutlery.com/collections/chef-knives-gyuto,0,0,0.00,0.03,188,"[9,45,27,81,9,9,9,100,100,18,18,18]",2026-03-25,"Image pack, Sitelinks, Video, Video Carousel, Popular products, Related searches",commercial,Organic
xinzuo knife 2pcs,6,6,70,0,0.00,https://xinzuocutlery.com/collections/knife-set-2,1,0.42,0.00,0.33,0,"[0,0,0,52,100,52,33,52,66,19,9,9]",2026-03-08,"Sitelinks, Video, Image, Popular products, Related searches",transactional,Organic
damascus steel knives xinzuo,6,6,40,11,0.00,https://xinzuocutlery.com/collections/knife-set,0,0,0.00,0.33,138000,"[0,0,0,9,45,100,18,100,100,18,18,18]",2026-03-25,"Sitelinks, Video, Image, Video Carousel, Popular products, Related searches, Discussions and forums",commercial,Organic
xinzuo knife,6,6,140,22,0.64,https://xinzuocutlery.com/collections/chef-knife,1,0.42,0.00,1,234000,"[100,11,18,11,5,5,5,8,6,23,35,35]",2026-03-03,"Sitelinks, Video, Image, Video Carousel, People also ask, Popular products, Related searches",commercial,Organic
zhen knives,6,6,30,22,0.60,https://xinzuocutlery.com/collections/all/zhen-series,0,0,0.00,1,893000,"[19,23,4,9,23,9,0,0,14,19,9,19]",2026-02-04,"Sitelinks, Video, Image, People also ask, Popular products, Related searches","commercial, navigational",Organic
xinzuo knives,7,7,110,0,0.64,https://xinzuocutlery.com/collections/chef-knife,0,0,0.00,1,182000,"[42,80,0,42,34,80,42,65,65,19,11,19]",2026-02-01,"Image pack, Sitelinks, Video, Image, Video Carousel, People also ask, Popular products, Related searches",commercial,Organic
xinzuo knives,8,8,110,0,0.64,https://xinzuocutlery.com/collections/mo-series,0,0,0.00,1,182000,"[42,80,0,42,34,80,42,65,65,19,11,19]",2026-02-01,"Image pack, Sitelinks, Video, Image, Video Carousel, People also ask, Popular products, Related searches",commercial,Organic
xinzuo knives,8,8,110,0,0.64,https://xinzuocutlery.com/products/xinzuo-8-inches-110-layers-damascus-steel-chef-knife-jiang-series,0,0,0.00,1,182000,"[42,80,0,42,34,80,42,65,65,19,11,19]",2026-02-01,"Image pack, Sitelinks, Video, Image, Video Carousel, People also ask, Popular products, Related searches",commercial,Image pack
knife xinzuo 3 pcs,8,8,50,0,0.00,https://xinzuocutlery.com/products/xinzuo-3pcs-kitchen-knife-set-triple-layer-composited-steel-with-olive-wood-handle-razor-sharp-ergonomic-design-pin-series,0,0,0.00,0.33,0,"[0,0,0,81,81,81,45,100,100,45,18,18]",2026-03-12,"Sitelinks, Video, Image, Popular products, Related searches","informational, transactional",Organic
xinzuo knives,9,9,110,0,0.64,https://xinzuocutlery.com/collections/mo-series,0,0,0.00,1,182000,"[42,80,0,42,34,80,42,65,65,19,11,19]",2026-02-01,"Image pack, Sitelinks, Video, Image, Video Carousel, People also ask, Popular products, Related searches",commercial,Organic
xinzuo knife 2pcs,9,9,70,0,0.00,https://xinzuocutlery.com/products/xinzuo-lan-series-3-layer-composite-steel-2pcs-knife-set,0,0,0.00,0.33,0,"[0,0,0,52,100,52,33,52,66,19,9,9]",2026-03-08,"Sitelinks, Video, Image, Popular products, Related searches",transactional,Organic
damascus steel knives xinzuo,9,9,40,11,0.00,https://xinzuocutlery.com/collections/jiang-pattern-damascus-series,0,0,0.00,0.33,138000,"[0,0,0,9,45,100,18,100,100,18,18,18]",2026-03-25,"Sitelinks, Video, Image, Video Carousel, Popular products, Related searches, Discussions and forums",commercial,Organic
xinzuo knife,9,9,140,22,0.64,https://xinzuocutlery.com/products/xinzuo-he-hammer-damascus-series-8-inch-chef-knife,0,0,0.00,1,234000,"[100,11,18,11,5,5,5,8,6,23,35,35]",2026-03-03,"Sitelinks, Video, Image, Video Carousel, People also ask, Popular products, Related searches",commercial,Organic
xinzuo 440c gyuto,10,10,40,,0.00,https://xinzuocutlery.com/collections/chef-knives-gyuto,0,0,0.00,0.03,188,"[9,45,27,81,9,9,9,100,100,18,18,18]",2026-03-25,"Image pack, Sitelinks, Video, Video Carousel, Popular products, Related searches",commercial,Organic
zdp 189,10,10,170,3,0.68,https://xinzuocutlery.com/collections/zhen-zdp-189-series,0,0,0.00,1,691000,"[44,8,6,28,28,44,18,18,35,35,54,54]",2026-03-20,"Sitelinks, Video, Video Carousel, Related searches, Short videos, AI overview",informational,Organic
knife xinzuo 3 pcs,10,10,50,0,0.00,https://xinzuocutlery.com/products/xinzuo-3-piece-110-layers-damascus-steel-kitchen-knife-set-jiang-series,0,0,0.00,0.33,0,"[0,0,0,81,81,81,45,100,100,45,18,18]",2026-03-12,"Sitelinks, Video, Image, Popular products, Related searches","informational, transactional",Organic
xinzuo 440c gyuto,11,11,40,,0.00,https://xinzuocutlery.com/,0,0,0.00,0.03,188,"[9,45,27,81,9,9,9,100,100,18,18,18]",2026-03-25,"Image pack, Sitelinks, Video, Video Carousel, Popular products, Related searches",commercial,Organic
zhen knife,12,12,50,16,0.60,https://xinzuocutlery.com/collections/zhen-hammer-damascus-series,0,0,0.00,1,1270000,"[42,26,15,19,26,19,7,26,7,7,7,42]",2026-03-02,"Image pack, Sitelinks, Video, Image, People also ask, Related searches",informational,Organic
knife xinzuo 3 pcs,12,12,50,0,0.00,https://xinzuocutlery.com/products/xinzuo-3-piece-110-layers-damascus-steel-kitchen-knife-set-jiang-series,0,0,0.00,0.33,0,"[0,0,0,81,81,81,45,100,100,45,18,18]",2026-03-12,"Sitelinks, Video, Image, Popular products, Related searches","informational, transactional",Organic
zdp-189,13,13,170,5,0.00,https://xinzuocutlery.com/collections/zhen-zdp-189-series,0,0,0.00,0,670000,"[23,19,19,15,1,15,15,15,12,15,44,23]",2026-02-14,"Sitelinks, Video, People also ask, Related searches, AI overview",informational,Organic
xinzuo knives,13,13,110,0,0.64,https://xinzuocutlery.com/pages/xinzuo-story,0,0,0.00,1,182000,"[42,80,0,42,34,80,42,65,65,19,11,19]",2026-02-01,"Image pack, Sitelinks, Video, Image, Video Carousel, People also ask, Popular products, Related searches",commercial,Organic
knife xinzuo 3 pcs,13,13,50,0,0.00,https://xinzuocutlery.com/products/xinzuo-3-piece-knife-set-67-layers-black-damascus-steel-chef-knife-santoku-knife-kitchen-utility-knife-with-burnt-oak-handle-mo-series,0,0,0.00,0.33,0,"[0,0,0,81,81,81,45,100,100,45,18,18]",2026-03-12,"Sitelinks, Video, Image, Popular products, Related searches","informational, transactional",Organic
xinzuo knife review,14,14,30,0,0.77,https://xinzuocutlery.com/blogs/news/damascus-knife-application-examples-and-reviews,0,0,0.00,1,0,"[6,6,6,6,6,6,12,21,21,6,6,6]",2026-03-10,"Sitelinks, Video, Video Carousel, Related searches, Discussions and forums, AI overview","commercial, informational",Organic
damascus steel knives xinzuo,14,14,40,11,0.00,https://xinzuocutlery.com/collections/mo-series,0,0,0.00,0.33,138000,"[0,0,0,9,45,100,18,100,100,18,18,18]",2026-03-25,"Sitelinks, Video, Image, Video Carousel, Popular products, Related searches, Discussions and forums",commercial,Organic
xinzuo knife,15,15,140,22,0.64,https://xinzuocutlery.com/products/xinzuo-knife-3,0,0,0.00,1,234000,"[100,11,18,11,5,5,5,8,6,23,35,35]",2026-03-03,"Sitelinks, Video, Image, Video Carousel, People also ask, Popular products, Related searches",commercial,Organic
kiritsuke cuchillo,15,15,70,10,0.00,https://xinzuocutlery.com/collections/kiritsuke-knives,0,0,0.00,1,177000,"[11,11,82,52,100,11,100,11,41,11,23,11]",2026-02-28,"Image pack, Sitelinks, Video, Image, Video Carousel, People also ask, Popular products, Related searches",commercial,Organic
xinzuo knife 2pcs,16,16,70,0,0.00,https://xinzuocutlery.com/products/xinzuo-zhen-series-japanese-zdp-189-composite-steel-2pcs-knife-set,0,0,0.00,0.33,0,"[0,0,0,52,100,52,33,52,66,19,9,9]",2026-03-08,"Sitelinks, Video, Image, Popular products, Related searches",transactional,Organic
big cleaver,16,16,50,8,1.01,https://xinzuocutlery.com/products/xinzuo-he-hammer-damascus-series-7-inch-cleaver-knife,0,0,0.00,0.89,9400000,"[0,0,0,2,1,2,2,2,2,1,2,3]",2026-02-19,"Image pack, Sitelinks, Video, Image, Video Carousel, People also ask, Popular products, Related searches","informational, transactional",Organic
knife xinzuo 3 pcs,17,17,50,0,0.00,https://xinzuocutlery.com/collections/all,0,0,0.00,0.33,0,"[0,0,0,81,81,81,45,100,100,45,18,18]",2026-03-12,"Sitelinks, Video, Image, Popular products, Related searches","informational, transactional",Organic
xinzuo 440c gyuto,18,18,40,,0.00,https://xinzuocutlery.com/collections/all,0,0,0.00,0.03,188,"[9,45,27,81,9,9,9,100,100,18,18,18]",2026-03-25,"Image pack, Sitelinks, Video, Video Carousel, Popular products, Related searches",commercial,Organic
xinzuo 440c gyuto,19,19,40,,0.00,https://xinzuocutlery.com/collections/chef-knife,0,0,0.00,0.03,188,"[9,45,27,81,9,9,9,100,100,18,18,18]",2026-03-25,"Image pack, Sitelinks, Video, Video Carousel, Popular products, Related searches",commercial,Organic
damascus steel knives xinzuo,19,19,40,11,0.00,https://xinzuocutlery.com/collections/ji-damascus-series,0,0,0.00,0.33,138000,"[0,0,0,9,45,100,18,100,100,18,18,18]",2026-03-25,"Sitelinks, Video, Image, Video Carousel, Popular products, Related searches, Discussions and forums",commercial,Organic
black damascus knife,20,20,30,2,0.97,https://xinzuocutlery.com/collections/damascus-knives,0,0,0.00,1,12800000,"[64,11,11,11,11,11,11,11,11,11,11,11]",2026-01-22,"Image pack, Sitelinks, Video, Image, Related searches",informational,Organic
xinzuo knives,20,20,110,0,0.64,https://xinzuocutlery.com/collections/chef-knives-gyuto,0,0,0.00,1,182000,"[42,80,0,42,34,80,42,65,65,19,11,19]",2026-02-01,"Image pack, Sitelinks, Video, Image, Video Carousel, People also ask, Popular products, Related searches",commercial,Organic
xinzuo knife 2pcs,21,21,70,0,0.00,https://xinzuocutlery.com/products/xinzuo-2-piece-110-layers-damascus-steel-kitchen-knife-set-jiang-series,0,0,0.00,0.33,0,"[0,0,0,52,100,52,33,52,66,19,9,9]",2026-03-08,"Sitelinks, Video, Image, Popular products, Related searches",transactional,Organic
zyzo blades,22,22,90,33,0.00,https://xinzuocutlery.com/,0,0,0.00,0.53,3440,"[100,23,3,3,3,3,3,3,3,3,3,3]",2026-01-16,"Knowledge panel, Sitelinks, Image, Related searches",navigational,Organic
xinzuo 440c gyuto,23,23,40,,0.00,https://xinzuocutlery.com/collections/chef-knives-gyuto-1,0,0,0.00,0.03,188,"[9,45,27,81,9,9,9,100,100,18,18,18]",2026-03-25,"Image pack, Sitelinks, Video, Video Carousel, Popular products, Related searches",commercial,Organic
knife xinzuo 3 pcs,23,23,50,0,0.00,https://xinzuocutlery.com/collections/all,0,0,0.00,0.33,0,"[0,0,0,81,81,81,45,100,100,45,18,18]",2026-03-12,"Sitelinks, Video, Image, Popular products, Related searches","informational, transactional",Organic
zdp-189 knife,24,24,70,3,0.65,https://xinzuocutlery.com/collections/zhen-zdp-189-series,0,0,0.00,1,348000,"[29,29,23,0,17,29,23,41,100,100,64,64]",2026-03-07,"Image pack, Sitelinks, Video, Image, Related searches",informational,Organic
xinzuo knife review,25,25,30,0,0.77,https://xinzuocutlery.com/,0,0,0.00,1,0,"[6,6,6,6,6,6,12,21,21,6,6,6]",2026-03-10,"Sitelinks, Video, Video Carousel, Related searches, Discussions and forums, AI overview","commercial, informational",Organic
damascus steel knife set 7pc,25,25,30,4,4.48,https://xinzuocutlery.com/products/xinzuo-7-piece-67-layers-damascus-steel-kitchen-knife-set-with-block-and-kitchen-scissor-ya-series,0,0,0.00,1,243000,"[34,6,6,6,6,6,6,6,6,6,6,6]",2026-02-26,"Sitelinks, Video, Video Carousel, People also ask, Popular products, Related searches",commercial,Organic
damascus steel knives xinzuo,25,25,40,11,0.00,https://xinzuocutlery.com/collections/yun-hammer-damascus-series,0,0,0.00,0.33,138000,"[0,0,0,9,45,100,18,100,100,18,18,18]",2026-03-25,"Sitelinks, Video, Image, Video Carousel, Popular products, Related searches, Discussions and forums",commercial,Organic
xinzuo knife,25,25,140,22,0.64,https://xinzuocutlery.com/products/xinzuo-8-5-inch-chef-knife,0,0,0.00,1,234000,"[100,11,18,11,5,5,5,8,6,23,35,35]",2026-03-03,"Sitelinks, Video, Image, Video Carousel, People also ask, Popular products, Related searches",commercial,Organic
xinzuo 440c gyuto,27,27,40,,0.00,https://xinzuocutlery.com/collections/all,0,0,0.00,0.03,188,"[9,45,27,81,9,9,9,100,100,18,18,18]",2026-03-25,"Image pack, Sitelinks, Video, Video Carousel, Popular products, Related searches",commercial,Organic
damascus chef knife reviews,28,28,40,25,0.00,https://xinzuocutlery.com/blogs/news/damascus-knife-application-examples-and-reviews,0,0,0.00,1,1250000,"[100,64,11,11,11,11,11,11,11,11,11,11]",2026-01-24,"Sitelinks, Video, Video Carousel, People also ask, Related searches, Discussions and forums, AI overview","commercial, informational",Organic
zdp 189 knife,28,28,210,4,0.67,https://xinzuocutlery.com/collections/zhen-zdp-189-series,0,0,0.00,1,381000,"[81,65,65,53,43,65,53,53,100,81,81,65]",2026-02-14,"Image pack, Sitelinks, Video, Image, People also ask, Related searches",informational,Organic
knife xinzuo 3 pcs,28,28,50,0,0.00,https://xinzuocutlery.com/products/xinzuo-3-piece-67-layers-japanese-aus-10-damascus-steel-kitchen-knife-set-jiang-series,0,0,0.00,0.33,0,"[0,0,0,81,81,81,45,100,100,45,18,18]",2026-03-12,"Sitelinks, Video, Image, Popular products, Related searches","informational, transactional",Organic
xinzuo knives,29,29,110,0,0.64,https://xinzuocutlery.com/collections/jiang-pattern-damascus-series,0,0,0.00,1,182000,"[42,80,0,42,34,80,42,65,65,19,11,19]",2026-02-01,"Image pack, Sitelinks, Video, Image, Video Carousel, People also ask, Popular products, Related searches",commercial,Organic
damascus chef knife reviews,29,29,40,25,0.00,https://xinzuocutlery.com/blogs/news/damascus-knife-application-examples-and-reviews,0,0,0.00,1,1250000,"[100,64,11,11,11,11,11,11,11,11,11,11]",2026-01-24,"Sitelinks, Video, Video Carousel, People also ask, Related searches, Discussions and forums, AI overview","commercial, informational",Organic
xinzuo knife,29,29,140,22,0.64,https://xinzuocutlery.com/collections/jiang-pattern-damascus-series,0,0,0.00,1,234000,"[100,11,18,11,5,5,5,8,6,23,35,35]",2026-03-03,"Sitelinks, Video, Image, Video Carousel, People also ask, Popular products, Related searches",commercial,Organic
zdp 189 knife,30,30,210,4,0.67,https://xinzuocutlery.com/collections/zhen-zdp-189-series,0,0,0.00,1,381000,"[81,65,65,53,43,65,53,53,100,81,81,65]",2026-02-14,"Image pack, Sitelinks, Video, Image, People also ask, Related searches",informational,Organic
xinzuo knives,31,31,110,0,0.64,https://xinzuocutlery.com/products/xinzuo-he-hammer-damascus-series-8-inch-chef-knife,0,0,0.00,1,182000,"[42,80,0,42,34,80,42,65,65,19,11,19]",2026-02-01,"Image pack, Sitelinks, Video, Image, Video Carousel, People also ask, Popular products, Related searches",commercial,Organic
damascus steel knives xinzuo,31,31,40,11,0.00,https://xinzuocutlery.com/collections/chef-knife,0,0,0.00,0.33,138000,"[0,0,0,9,45,100,18,100,100,18,18,18]",2026-03-25,"Sitelinks, Video, Image, Video Carousel, Popular products, Related searches, Discussions and forums",commercial,Organic
xinzuo knife,31,31,140,22,0.64,https://xinzuocutlery.com/collections/utility-knife,0,0,0.00,1,234000,"[100,11,18,11,5,5,5,8,6,23,35,35]",2026-03-03,"Sitelinks, Video, Image, Video Carousel, People also ask, Popular products, Related searches",commercial,Organic
xinzuo knife review,33,33,30,0,0.77,https://xinzuocutlery.com/pages/choose-guide,0,0,0.00,1,0,"[6,6,6,6,6,6,12,21,21,6,6,6]",2026-03-10,"Sitelinks, Video, Video Carousel, Related searches, Discussions and forums, AI overview","commercial, informational",Organic
xinzuo 440c gyuto,33,33,40,,0.00,https://xinzuocutlery.com/products/xinzuo-7-inches-67-layers-japanese-aus-10-damascus-steel-gyuto-knife-chef-knife-jiang-series,0,0,0.00,0.03,188,"[9,45,27,81,9,9,9,100,100,18,18,18]",2026-03-25,"Image pack, Sitelinks, Video, Video Carousel, Popular products, Related searches",commercial,Organic
xinzuo knives,33,33,110,0,0.64,https://xinzuocutlery.com/collections/utility-knives,0,0,0.00,1,182000,"[42,80,0,42,34,80,42,65,65,19,11,19]",2026-02-01,"Image pack, Sitelinks, Video, Image, Video Carousel, People also ask, Popular products, Related searches",commercial,Organic
damascus gyuto,33,33,40,4,0.62,https://xinzuocutlery.com/collections/chef-knives-gyuto,0,0,0.00,1,1090000,"[2,12,2,3,2,3,3,3,3,2,5,10]",2026-03-05,"Image pack, Sitelinks, Video, Image, Popular products, Related searches",commercial,Organic
kiritsuke chef knife,34,34,50,12,0.82,https://xinzuocutlery.com/collections/kiritsuke-knives,0,0,0.00,1,1010000,"[78,78,14,14,14,35,14,50,21,28,21,64]",2026-02-28,"Image pack, Sitelinks, Video, Image, Video Carousel, People also ask, Popular products, Related searches",commercial,Organic
antigua 5-piece cutlery set,34,34,1600,17,0.00,https://xinzuocutlery.com/collections/mo-series,1,0.42,0.00,0.52,0,"[100,0]",2026-03-10,"Image pack, Sitelinks, Popular products, Related searches",commercial,Organic
kiritsuke knives,35,35,260,13,0.62,https://xinzuocutlery.com/collections/kiritsuke-knives,0,0,0.00,1,1170000,"[23,15,15,18,66,44,44,100,54,28,28,66]",2026-02-05,"Image pack, Sitelinks, Video, Image, Video Carousel, People also ask, Popular products, Related searches, AI overview",commercial,Organic
xinzuo knife 2pcs,35,35,70,0,0.00,https://xinzuocutlery.com/,0,0,0.00,0.33,0,"[0,0,0,52,100,52,33,52,66,19,9,9]",2026-03-08,"Sitelinks, Video, Image, Popular products, Related searches",transactional,Organic
chinese chef knives,36,36,110,11,0.69,https://xinzuocutlery.com/collections/cleaver-knife,0,0,0.00,1,0,"[2,6,5,0,23,29,19,23,6,9,23,29]",2026-03-17,"Image pack, Sitelinks, Video, Image, Video Carousel, Popular products, Related searches",commercial,Organic
damascus steel knives xinzuo,36,36,40,11,0.00,https://xinzuocutlery.com/collections/ji-copper-damascus-series,0,0,0.00,0.33,138000,"[0,0,0,9,45,100,18,100,100,18,18,18]",2026-03-25,"Sitelinks, Video, Image, Video Carousel, Popular products, Related searches, Discussions and forums",commercial,Organic
xinzuo knife,36,36,140,22,0.64,https://xinzuocutlery.com/collections/damascus-knives,0,0,0.00,1,234000,"[100,11,18,11,5,5,5,8,6,23,35,35]",2026-03-03,"Sitelinks, Video, Image, Video Carousel, People also ask, Popular products, Related searches",commercial,Organic
xinzuo knives,37,37,110,0,0.64,https://xinzuocutlery.com/collections/knife-set-2,0,0,0.00,1,182000,"[42,80,0,42,34,80,42,65,65,19,11,19]",2026-02-01,"Image pack, Sitelinks, Video, Image, Video Carousel, People also ask, Popular products, Related searches",commercial,Organic
damascus steel knives xinzuo,37,37,40,11,0.00,https://xinzuocutlery.com/collections/ji-damascus-series,0,0,0.00,0.33,138000,"[0,0,0,9,45,100,18,100,100,18,18,18]",2026-03-25,"Sitelinks, Video, Image, Video Carousel, Popular products, Related searches, Discussions and forums",commercial,Organic
chineese knife,38,38,40,18,1.00,https://xinzuocutlery.com/collections/cleaver-knife,0,0,0.00,1,222,"[0,0,0,0,0,0,0,0,81,0,0,0]",2026-03-25,"Image pack, Sitelinks, Video, Image, People also ask, Popular products, Related searches, Short videos, AI overview",commercial,Organic
xinzuo knives,39,39,110,0,0.64,https://xinzuocutlery.com/collections/feng-pattern-damascus-series,0,0,0.00,1,182000,"[42,80,0,42,34,80,42,65,65,19,11,19]",2026-02-01,"Image pack, Sitelinks, Video, Image, Video Carousel, People also ask, Popular products, Related searches",commercial,Organic
knife xinzuo 3 pcs,39,39,50,0,0.00,https://xinzuocutlery.com/collections/best-sellers,0,0,0.00,0.33,0,"[0,0,0,81,81,81,45,100,100,45,18,18]",2026-03-12,"Sitelinks, Video, Image, Popular products, Related searches","informational, transactional",Organic
kiritsuke knife,40,40,2400,12,0.58,https://xinzuocutlery.com/collections/kiritsuke-knives,0,0,0.00,1,974000,"[66,52,52,52,52,66,52,52,52,66,80,100]",2026-03-27,"Sitelinks, Video, Image, Video Carousel, Popular products, Related searches, Things to know, AI overview",informational,Organic
xinzuo knife 2pcs,40,40,70,0,0.00,https://xinzuocutlery.com/collections/xinzuo-145-layers-damascus-kitchen-knives-7-inches-ergonomic-handle-acacia-wooden-gift-box/li-series,0,0,0.00,0.33,0,"[0,0,0,52,100,52,33,52,66,19,9,9]",2026-03-08,"Sitelinks, Video, Image, Popular products, Related searches",transactional,Organic
knife xinzuo 3 pcs,40,40,50,0,0.00,https://xinzuocutlery.com/collections/feng-pattern-damascus-series,0,0,0.00,0.33,0,"[0,0,0,81,81,81,45,100,100,45,18,18]",2026-03-12,"Sitelinks, Video, Image, Popular products, Related searches","informational, transactional",Organic
damascus steel knives review,40,40,40,13,1.15,https://xinzuocutlery.com/blogs/news/damascus-knife-application-examples-and-reviews,0,0,0.00,1,3870000,"[100,18,18,18,18,18,18,18,18,18,18,100]",2026-02-01,"Image pack, Sitelinks, Video, Video Carousel, People also ask, Related searches, Discussions and forums","commercial, informational",Organic
xinzuo knife review,41,41,30,0,0.77,https://xinzuocutlery.com/products/xinzuo-8-5-inch-chef-knife,0,0,0.00,1,0,"[6,6,6,6,6,6,12,21,21,6,6,6]",2026-03-10,"Sitelinks, Video, Video Carousel, Related searches, Discussions and forums, AI overview","commercial, informational",Organic
xinzuo 440c gyuto,41,41,40,,0.00,https://xinzuocutlery.com/products/xinzuo-he-hammer-damascus-series-8-inch-chef-knife,0,0,0.00,0.03,188,"[9,45,27,81,9,9,9,100,100,18,18,18]",2026-03-25,"Image pack, Sitelinks, Video, Video Carousel, Popular products, Related searches",commercial,Organic
xinzuo knife 2pcs,41,41,70,0,0.00,https://xinzuocutlery.com/collections/santoku-knife,0,0,0.00,0.33,0,"[0,0,0,52,100,52,33,52,66,19,9,9]",2026-03-08,"Sitelinks, Video, Image, Popular products, Related searches",transactional,Organic
zdp 189 knives,41,41,70,1,0.00,https://xinzuocutlery.com/collections/zhen-zdp-189-series,0,0,0.00,0,360000,"[41,52,29,41,52,29,41,29,52,41,41,11]",2026-01-31,"Sitelinks, Video, Image, Video Carousel, Related searches",informational,Organic
xinzuo knife,41,41,140,22,0.64,https://xinzuocutlery.com/products/xinzuo-8-5-inch-chef-knife,0,0,0.00,1,234000,"[100,11,18,11,5,5,5,8,6,23,35,35]",2026-03-03,"Sitelinks, Video, Image, Video Carousel, People also ask, Popular products, Related searches",commercial,Organic
knife xinzuo 3 pcs,41,41,50,0,0.00,https://xinzuocutlery.com/collections/steak-knives,0,0,0.00,0.33,0,"[0,0,0,81,81,81,45,100,100,45,18,18]",2026-03-12,"Sitelinks, Video, Image, Popular products, Related searches","informational, transactional",Organic
yan can cook cleaver,42,42,30,26,0.97,https://xinzuocutlery.com/collections/cleaver-knife,0,0,0.00,1,186,"[100,18,18,18,18,18,18,18,18,18,18,18]",2026-03-19,"Image pack, Sitelinks, Video, Video Carousel, People also ask, Related searches",navigational,Organic
xinzuo knives,42,42,110,0,0.64,https://xinzuocutlery.com/collections/carving-knives,0,0,0.00,1,182000,"[42,80,0,42,34,80,42,65,65,19,11,19]",2026-02-01,"Image pack, Sitelinks, Video, Image, Video Carousel, People also ask, Popular products, Related searches",commercial,Organic
xinzuo knife 2pcs,42,42,70,0,0.00,https://xinzuocutlery.com/collections/cleaver-knife,0,0,0.00,0.33,0,"[0,0,0,52,100,52,33,52,66,19,9,9]",2026-03-08,"Sitelinks, Video, Image, Popular products, Related searches",transactional,Organic
damascus steel knives xinzuo,42,42,40,11,0.00,https://xinzuocutlery.com/products/xinzuo-3-piece-67-layers-damascus-steel-kitchen-knife-set-ya-series,0,0,0.00,0.33,138000,"[0,0,0,9,45,100,18,100,100,18,18,18]",2026-03-25,"Sitelinks, Video, Image, Video Carousel, Popular products, Related searches, Discussions and forums",commercial,Organic
knife xinzuo 3 pcs,42,42,50,0,0.00,https://xinzuocutlery.com/collections/utility-knives,0,0,0.00,0.33,0,"[0,0,0,81,81,81,45,100,100,45,18,18]",2026-03-12,"Sitelinks, Video, Image, Popular products, Related searches","informational, transactional",Organic
japanese kiritsuke knife,42,42,70,11,0.64,https://xinzuocutlery.com/collections/kiritsuke-knives,0,0,0.00,0.99,954000,"[52,52,14,23,19,23,33,33,23,19,33,80]",2026-02-13,"Sitelinks, Video, Image, Video Carousel, People also ask, Popular products, Related searches",commercial,Organic
xinzuo 440c gyuto,43,43,40,,0.00,https://xinzuocutlery.com/collections/stainless-steel-knives/composite-steel-series,0,0,0.00,0.03,188,"[9,45,27,81,9,9,9,100,100,18,18,18]",2026-03-25,"Image pack, Sitelinks, Video, Video Carousel, Popular products, Related searches",commercial,Organic
knife xinzuo 3 pcs,43,43,50,0,0.00,https://xinzuocutlery.com/collections/pin-composited-steel-series,0,0,0.00,0.33,0,"[0,0,0,81,81,81,45,100,100,45,18,18]",2026-03-12,"Sitelinks, Video, Image, Popular products, Related searches","informational, transactional",Organic
xinzuo knives,44,44,110,0,0.64,https://xinzuocutlery.com/collections/new-release/new-release,0,0,0.00,1,182000,"[42,80,0,42,34,80,42,65,65,19,11,19]",2026-02-01,"Image pack, Sitelinks, Video, Image, Video Carousel, People also ask, Popular products, Related searches",commercial,Organic
xinzuo knife 2pcs,44,44,70,0,0.00,https://xinzuocutlery.com/products/xinzuo-8-5-inch-chef-knife,0,0,0.00,0.33,0,"[0,0,0,52,100,52,33,52,66,19,9,9]",2026-03-08,"Sitelinks, Video, Image, Popular products, Related searches",transactional,Organic
damascus steel gyuto knife,44,44,30,0,1.63,https://xinzuocutlery.com/products/xinzuo-7-inches-67-layers-japanese-aus-10-damascus-steel-gyuto-knife-chef-knife-jiang-series,0,0,0.00,1,1060000,"[18,18,36,18,100,18,18,18,18,18,18,45]",2026-03-22,"Sitelinks, Video, Image, Video Carousel, Popular products, Related searches",commercial,Organic
knife xinzuo 3 pcs,44,44,50,0,0.00,https://xinzuocutlery.com/products/xinzuo-10-pcs-kitchen-knife-set-triple-layer-composited-steel-with-olive-wood-handle-razor-sharp-ergonomic-design-pin-series,0,0,0.00,0.33,0,"[0,0,0,81,81,81,45,100,100,45,18,18]",2026-03-12,"Sitelinks, Video, Image, Popular products, Related searches","informational, transactional",Organic
shanzu pro series 67 layer,45,45,40,19,0.72,https://xinzuocutlery.com/products/xinzuo-3-piece-knife-set-67-layers-black-damascus-steel-chef-knife-santoku-knife-kitchen-utility-knife-with-burnt-oak-handle-mo-series,0,0,0.00,1,15300,"[11,23,11,23,11,11,100,41,11,11,11,11]",2026-02-14,"Image pack, Sitelinks, Video, Image, Video Carousel, People also ask, Popular products, Related searches",commercial,Organic
chinese cleavers for sale,45,45,40,15,0.56,https://xinzuocutlery.com/collections/cleaver-knife,0,0,0.00,0.32,207,"[11,11,11,11,11,11,11,11,11,11,100,82]",2026-03-22,"Local pack, Image pack, Sitelinks, Video, Image, Popular products, Related searches",transactional,Organic
xinzuo 440c gyuto,45,45,40,,0.00,https://xinzuocutlery.com/products/xinzuo-7-inches-110-layers-damascus-steel-gyuto-knife-chef-knife-jiang-series,0,0,0.00,0.03,188,"[9,45,27,81,9,9,9,100,100,18,18,18]",2026-03-25,"Image pack, Sitelinks, Video, Video Carousel, Popular products, Related searches",commercial,Organic
xinzuo knife 2pcs,45,45,70,0,0.00,https://xinzuocutlery.com/products/xinzuo-5-piece-110-layers-damascus-steel-kitchen-knife-set-jiang-series,0,0,0.00,0.33,0,"[0,0,0,52,100,52,33,52,66,19,9,9]",2026-03-08,"Sitelinks, Video, Image, Popular products, Related searches",transactional,Organic
damascus steel knives xinzuo,45,45,40,11,0.00,https://xinzuocutlery.com/collections/jiang-hammer-damascus-series,0,0,0.00,0.33,138000,"[0,0,0,9,45,100,18,100,100,18,18,18]",2026-03-25,"Sitelinks, Video, Image, Video Carousel, Popular products, Related searches, Discussions and forums",commercial,Organic
xinzuo knife,45,45,140,22,0.64,https://xinzuocutlery.com/collections/cleaver-knife,0,0,0.00,1,234000,"[100,11,18,11,5,5,5,8,6,23,35,35]",2026-03-03,"Sitelinks, Video, Image, Video Carousel, People also ask, Popular products, Related searches",commercial,Organic
knife xinzuo 3 pcs,45,45,50,0,0.00,https://xinzuocutlery.com/collections/carving-knives,0,0,0.00,0.33,0,"[0,0,0,81,81,81,45,100,100,45,18,18]",2026-03-12,"Sitelinks, Video, Image, Popular products, Related searches","informational, transactional",Organic
xinzuo 440c gyuto,46,46,40,,0.00,https://xinzuocutlery.com/products/xinzuo-8-5-inch-chef-knife,0,0,0.00,0.03,188,"[9,45,27,81,9,9,9,100,100,18,18,18]",2026-03-25,"Image pack, Sitelinks, Video, Video Carousel, Popular products, Related searches",commercial,Organic
zdp189 knife,46,46,50,0,0.67,https://xinzuocutlery.com/collections/zhen-zdp-189-series,0,0,0.00,1,535000,"[23,14,42,4,23,14,9,14,42,14,19,100]",2026-02-03,"Image pack, Sitelinks, Video, Image, Related searches",informational,Organic
xituo knives 5,46,46,70,17,0.00,https://xinzuocutlery.com/products/xinzuo-5-piece-110-layers-damascus-steel-kitchen-knife-set-jiang-series,0,0,0.00,0.33,118000,"[0,0,0,0,3,34,34,53,100,28,6,6]",2026-03-25,"Sitelinks, Video, Popular products, Related searches",commercial,Organic
cai dao knife,46,46,70,12,0.63,https://xinzuocutlery.com/collections/cleaver-knife,0,0,0.00,1,866000,"[4,0,0,1,0,0,0,4,5,4,2,4]",2026-02-07,"Image pack, Sitelinks, Video, Image, People also ask, Related searches, Discussions and forums","commercial, informational",Organic
knife xinzuo 3 pcs,46,46,50,0,0.00,https://xinzuocutlery.com/collections/paring-knives,0,0,0.00,0.33,0,"[0,0,0,81,81,81,45,100,100,45,18,18]",2026-03-12,"Sitelinks, Video, Image, Popular products, Related searches","informational, transactional",Organic
santoku damascus knife,46,46,40,10,0.90,https://xinzuocutlery.com/collections/santoku-knife,0,0,0.00,1,1600000,"[53,34,6,9,0,0,6,6,3,6,6,9]",2026-03-04,"Image pack, Sitelinks, Video, Image, Video Carousel, People also ask, Popular products, Related searches",commercial,Organic
xinzuo knife review,47,47,30,0,0.77,https://xinzuocutlery.com/collections/cleaver-knife,0,0,0.00,1,0,"[6,6,6,6,6,6,12,21,21,6,6,6]",2026-03-10,"Sitelinks, Video, Video Carousel, Related searches, Discussions and forums, AI overview","commercial, informational",Organic
xinzuo knife 2pcs,47,47,70,0,0.00,https://xinzuocutlery.com/collections/utility-knife,0,0,0.00,0.33,0,"[0,0,0,52,100,52,33,52,66,19,9,9]",2026-03-08,"Sitelinks, Video, Image, Popular products, Related searches",transactional,Organic
knife xinzuo 3 pcs,47,47,50,0,0.00,https://xinzuocutlery.com/products/xinzuo-lan-series-3-layer-composite-steel-5pcs-knife-set,0,0,0.00,0.33,0,"[0,0,0,81,81,81,45,100,100,45,18,18]",2026-03-12,"Sitelinks, Video, Image, Popular products, Related searches","informational, transactional",Organic
zt knives warranty,48,48,70,14,0.00,https://xinzuocutlery.com/pages/lifetime-warranty,0,0,0.00,0,395000,"[55,77,77,100,77,77,55,77,55,22,77,77]",2026-03-04,"Sitelinks, Video, People also ask, Related searches","navigational, transactional",Organic
xinzuo knives,48,48,110,0,0.64,https://xinzuocutlery.com/collections/all,0,0,0.00,1,182000,"[42,80,0,42,34,80,42,65,65,19,11,19]",2026-02-01,"Image pack, Sitelinks, Video, Image, Video Carousel, People also ask, Popular products, Related searches",commercial,Organic
xinzuo knife 2pcs,48,48,70,0,0.00,https://xinzuocutlery.com/collections/jiang-pattern-damascus-series,0,0,0.00,0.33,0,"[0,0,0,52,100,52,33,52,66,19,9,9]",2026-03-08,"Sitelinks, Video, Image, Popular products, Related searches",transactional,Organic
xinzuo knife,48,48,140,22,0.64,https://xinzuocutlery.com/collections/damascus-knives,0,0,0.00,1,234000,"[100,11,18,11,5,5,5,8,6,23,35,35]",2026-03-03,"Sitelinks, Video, Image, Video Carousel, People also ask, Popular products, Related searches",commercial,Organic
knife xinzuo 3 pcs,48,48,50,0,0.00,https://xinzuocutlery.com/collections/cleaver-knife,0,0,0.00,0.33,0,"[0,0,0,81,81,81,45,100,100,45,18,18]",2026-03-12,"Sitelinks, Video, Image, Popular products, Related searches","informational, transactional",Organic
xinzuo 440c gyuto,49,49,40,,0.00,https://xinzuocutlery.com/products/xinzuo-7-inches-110-layers-damascus-steel-gyuto-knife-chef-knife-jiang-series,0,0,0.00,0.03,188,"[9,45,27,81,9,9,9,100,100,18,18,18]",2026-03-25,"Image pack, Sitelinks, Video, Video Carousel, Popular products, Related searches",commercial,Organic
xinzuo knife 2pcs,49,49,70,0,0.00,https://xinzuocutlery.com/collections/yun-hammer-damascus-series,0,0,0.00,0.33,0,"[0,0,0,52,100,52,33,52,66,19,9,9]",2026-03-08,"Sitelinks, Video, Image, Popular products, Related searches",transactional,Organic
knife xinzuo 3 pcs,49,49,50,0,0.00,https://xinzuocutlery.com/collections/mo-series/mo-series,0,0,0.00,0.33,0,"[0,0,0,81,81,81,45,100,100,45,18,18]",2026-03-12,"Sitelinks, Video, Image, Popular products, Related searches","informational, transactional",Organic
xinzuo 440c gyuto,50,50,40,,0.00,https://xinzuocutlery.com/collections/lan-composite-steel-series-kitchen-knife-set,0,0,0.00,0.03,188,"[9,45,27,81,9,9,9,100,100,18,18,18]",2026-03-25,"Image pack, Sitelinks, Video, Video Carousel, Popular products, Related searches",commercial,Organic
shi ba zi zuo,50,50,110,23,0.57,https://xinzuocutlery.com/collections/cleaver-knife,0,0,0.00,0.91,1360000,"[35,22,18,18,14,22,14,29,22,18,22,18]",2026-03-04,"Image pack, Sitelinks, Video, Video Carousel, People also ask, Related searches","informational, transactional",Organic
xinzuo knives,50,50,110,0,0.64,https://xinzuocutlery.com/blogs/news/xinzuo,0,0,0.00,1,182000,"[42,80,0,42,34,80,42,65,65,19,11,19]",2026-02-01,"Image pack, Sitelinks, Video, Image, Video Carousel, People also ask, Popular products, Related searches",commercial,Organic
xinzuo knife 2pcs,50,50,70,0,0.00,https://xinzuocutlery.com/collections/best-sellers,0,0,0.00,0.33,0,"[0,0,0,52,100,52,33,52,66,19,9,9]",2026-03-08,"Sitelinks, Video, Image, Popular products, Related searches",transactional,Organic
damascus steel knives xinzuo,50,50,40,11,0.00,https://xinzuocutlery.com/products/yun-damascus-series-xinzuo-8-5-chef-knife,0,0,0.00,0.33,138000,"[0,0,0,9,45,100,18,100,100,18,18,18]",2026-03-25,"Sitelinks, Video, Image, Video Carousel, Popular products, Related searches, Discussions and forums",commercial,Organic
xinzuo knife,50,50,140,22,0.64,https://xinzuocutlery.com/products/xinzuo-5-piece-110-layers-damascus-steel-kitchen-knife-set-jiang-series,0,0,0.00,1,234000,"[100,11,18,11,5,5,5,8,6,23,35,35]",2026-03-03,"Sitelinks, Video, Image, Video Carousel, People also ask, Popular products, Related searches",commercial,Organic
knife xinzuo 3 pcs,50,50,50,0,0.00,https://xinzuocutlery.com/collections/ya-pattern-damascus-series,0,0,0.00,0.33,0,"[0,0,0,81,81,81,45,100,100,45,18,18]",2026-03-12,"Sitelinks, Video, Image, Popular products, Related searches","informational, transactional",Organic
xinzuo 440c gyuto,51,51,40,,0.00,https://xinzuocutlery.com/collections/cleaver-knife,0,0,0.00,0.03,188,"[9,45,27,81,9,9,9,100,100,18,18,18]",2026-03-25,"Image pack, Sitelinks, Video, Video Carousel, Popular products, Related searches",commercial,Organic
xinzuo knife 2pcs,51,51,70,0,0.00,https://xinzuocutlery.com/collections/mo-series,0,0,0.00,0.33,0,"[0,0,0,52,100,52,33,52,66,19,9,9]",2026-03-08,"Sitelinks, Video, Image, Popular products, Related searches",transactional,Organic
xinzuo knife,51,51,140,22,0.64,https://xinzuocutlery.com/products/xinzuo-knife,0,0,0.00,1,234000,"[100,11,18,11,5,5,5,8,6,23,35,35]",2026-03-03,"Sitelinks, Video, Image, Video Carousel, People also ask, Popular products, Related searches",commercial,Organic
knife xinzuo 3 pcs,51,51,50,0,0.00,https://xinzuocutlery.com/collections/jiang-hammer-damascus-series,0,0,0.00,0.33,0,"[0,0,0,81,81,81,45,100,100,45,18,18]",2026-03-12,"Sitelinks, Video, Image, Popular products, Related searches","informational, transactional",Organic
xinzuo 440c gyuto,52,52,40,,0.00,https://xinzuocutlery.com/collections/feng-pattern-damascus-series,0,0,0.00,0.03,188,"[9,45,27,81,9,9,9,100,100,18,18,18]",2026-03-25,"Image pack, Sitelinks, Video, Video Carousel, Popular products, Related searches",commercial,Organic
sugimoto cleaver,52,52,90,2,0.82,https://xinzuocutlery.com/collections/cleaver-knife,0,0,0.00,1,0,"[28,17,17,28,17,17,17,17,17,17,23,35]",2026-03-09,"Sitelinks, Video, Popular products, Related searches, Discussions and forums",commercial,Organic
xinzuo knife 2pcs,52,52,70,0,0.00,https://xinzuocutlery.com/collections/chef-knives-gyuto,0,0,0.00,0.33,0,"[0,0,0,52,100,52,33,52,66,19,9,9]",2026-03-08,"Sitelinks, Video, Image, Popular products, Related searches",transactional,Organic
xinzuo knife,52,52,140,22,0.64,https://xinzuocutlery.com/collections/feng-pattern-damascus-series,0,0,0.00,1,234000,"[100,11,18,11,5,5,5,8,6,23,35,35]",2026-03-03,"Sitelinks, Video, Image, Video Carousel, People also ask, Popular products, Related searches",commercial,Organic
knife xinzuo 3 pcs,52,52,50,0,0.00,https://xinzuocutlery.com/collections/knife-set/ya-series,0,0,0.00,0.33,0,"[0,0,0,81,81,81,45,100,100,45,18,18]",2026-03-12,"Sitelinks, Video, Image, Popular products, Related searches","informational, transactional",Organic
xinzuo knife review,53,53,30,0,0.77,https://xinzuocutlery.com/products/xinzuo-5-piece-110-layers-damascus-steel-kitchen-knife-set-jiang-series,0,0,0.00,1,0,"[6,6,6,6,6,6,12,21,21,6,6,6]",2026-03-10,"Sitelinks, Video, Video Carousel, Related searches, Discussions and forums, AI overview","commercial, informational",Organic
zdp 189 steel,53,53,260,1,0.75,https://xinzuocutlery.com/collections/zhen-zdp-189-series,0,0,0.00,0.95,380000,"[53,53,66,66,53,82,53,66,82,66,53,53]",2026-03-02,"Sitelinks, Video, Related searches, Discussions and forums, AI overview",informational,Organic
tensyu nakiri knife,53,53,40,0,0.00,https://xinzuocutlery.com/collections/nakiri-knives,0,0,0.00,0.79,4070,"[64,64,11,11,11,11,11,11,11,11,11,11]",2026-01-13,"Image pack, Sitelinks, Video, Image, People also ask, Related searches",commercial,Organic
xinzuo 440c gyuto,53,53,40,,0.00,https://xinzuocutlery.com/collections/utility-knife-1,0,0,0.00,0.03,188,"[9,45,27,81,9,9,9,100,100,18,18,18]",2026-03-25,"Image pack, Sitelinks, Video, Video Carousel, Popular products, Related searches",commercial,Organic
xinzuo knives,53,53,110,0,0.64,https://xinzuocutlery.com/collections/santoku-knife-1,0,0,0.00,1,182000,"[42,80,0,42,34,80,42,65,65,19,11,19]",2026-02-01,"Image pack, Sitelinks, Video, Image, Video Carousel, People also ask, Popular products, Related searches",commercial,Organic
xinzuo knife 2pcs,53,53,70,0,0.00,https://xinzuocutlery.com/collections/stainless-steel-knives/composite-steel-series,0,0,0.00,0.33,0,"[0,0,0,52,100,52,33,52,66,19,9,9]",2026-03-08,"Sitelinks, Video, Image, Popular products, Related searches",transactional,Organic
knife xinzuo 3 pcs,53,53,50,0,0.00,https://xinzuocutlery.com/products/xinzuo-5pcs-kitchen-knife-set-triple-layer-composited-steel-with-olive-wood-handle-razor-sharp-ergonomic-design-pin-series,0,0,0.00,0.33,0,"[0,0,0,81,81,81,45,100,100,45,18,18]",2026-03-12,"Sitelinks, Video, Image, Popular products, Related searches","informational, transactional",Organic
xinzuo knife review,54,54,30,0,0.77,https://xinzuocutlery.com/products/xinzuo-7-inches-110-layers-damascus-steel-gyuto-knife-chef-knife-jiang-series,0,0,0.00,1,0,"[6,6,6,6,6,6,12,21,21,6,6,6]",2026-03-10,"Sitelinks, Video, Video Carousel, Related searches, Discussions and forums, AI overview","commercial, informational",Organic
xinzuo 440c gyuto,54,54,40,,0.00,https://xinzuocutlery.com/collections/stainless-steel-knives,0,0,0.00,0.03,188,"[9,45,27,81,9,9,9,100,100,18,18,18]",2026-03-25,"Image pack, Sitelinks, Video, Video Carousel, Popular products, Related searches",commercial,Organic
xinzuo knife 2pcs,54,54,70,0,0.00,https://xinzuocutlery.com/collections/carving-knives,0,0,0.00,0.33,0,"[0,0,0,52,100,52,33,52,66,19,9,9]",2026-03-08,"Sitelinks, Video, Image, Popular products, Related searches",transactional,Organic
damascus steel knives xinzuo,54,54,40,11,0.00,https://xinzuocutlery.com/collections/ji-copper-damascus-series,0,0,0.00,0.33,138000,"[0,0,0,9,45,100,18,100,100,18,18,18]",2026-03-25,"Sitelinks, Video, Image, Video Carousel, Popular products, Related searches, Discussions and forums",commercial,Organic
xinzuo knife,54,54,140,22,0.64,https://xinzuocutlery.com/products/xinzuo-7-inches-110-layers-damascus-steel-gyuto-knife-chef-knife-jiang-series,0,0,0.00,1,234000,"[100,11,18,11,5,5,5,8,6,23,35,35]",2026-03-03,"Sitelinks, Video, Image, Video Carousel, People also ask, Popular products, Related searches",commercial,Organic
knife xinzuo 3 pcs,54,54,50,0,0.00,https://xinzuocutlery.com/products/xinzuo-8pcs-kitchen-knife-set-triple-layer-composited-steel-with-olive-wood-handle-razor-sharp-ergonomic-design-pin-series,0,0,0.00,0.33,0,"[0,0,0,81,81,81,45,100,100,45,18,18]",2026-03-12,"Sitelinks, Video, Image, Popular products, Related searches","informational, transactional",Organic
xinzuo 440c gyuto,55,55,40,,0.00,https://xinzuocutlery.com/collections/santoku-knife-1,0,0,0.00,0.03,188,"[9,45,27,81,9,9,9,100,100,18,18,18]",2026-03-25,"Image pack, Sitelinks, Video, Video Carousel, Popular products, Related searches",commercial,Organic
xinzuo knives,55,55,110,0,0.64,https://xinzuocutlery.com/collections/cleaver-knife,0,0,0.00,1,182000,"[42,80,0,42,34,80,42,65,65,19,11,19]",2026-02-01,"Image pack, Sitelinks, Video, Image, Video Carousel, People also ask, Popular products, Related searches",commercial,Organic
xinzuo knife 2pcs,55,55,70,0,0.00,https://xinzuocutlery.com/collections/utility-knives,0,0,0.00,0.33,0,"[0,0,0,52,100,52,33,52,66,19,9,9]",2026-03-08,"Sitelinks, Video, Image, Popular products, Related searches",transactional,Organic
knife xinzuo 3 pcs,55,55,50,0,0.00,https://xinzuocutlery.com/products/xinzuo-5-piece-110-layers-damascus-steel-kitchen-knife-set-jiang-series,0,0,0.00,0.33,0,"[0,0,0,81,81,81,45,100,100,45,18,18]",2026-03-12,"Sitelinks, Video, Image, Popular products, Related searches","informational, transactional",Organic
xinzuo knife review,56,56,30,0,0.77,https://xinzuocutlery.com/collections/knife-set,0,0,0.00,1,0,"[6,6,6,6,6,6,12,21,21,6,6,6]",2026-03-10,"Sitelinks, Video, Video Carousel, Related searches, Discussions and forums, AI overview","commercial, informational",Organic
xinzuo 440c gyuto,56,56,40,,0.00,https://xinzuocutlery.com/collections/bread-knife,0,0,0.00,0.03,188,"[9,45,27,81,9,9,9,100,100,18,18,18]",2026-03-25,"Image pack, Sitelinks, Video, Video Carousel, Popular products, Related searches",commercial,Organic
caidao knife,56,56,50,30,0.61,https://xinzuocutlery.com/collections/cleaver-knife,0,0,0.00,1,0,"[11,11,11,11,11,11,11,11,11,64,100,64]",2026-03-10,"Local pack, Image pack, Sitelinks, Video, Image, Video Carousel, Popular products, Related searches",commercial,Organic
xinzuo knife 2pcs,56,56,70,0,0.00,https://xinzuocutlery.com/products/xinzuo-7-inches-110-layers-damascus-steel-gyuto-knife-chef-knife-jiang-series,0,0,0.00,0.33,0,"[0,0,0,52,100,52,33,52,66,19,9,9]",2026-03-08,"Sitelinks, Video, Image, Popular products, Related searches",transactional,Organic
made in japanese damascus steel nakiri,56,56,50,,0.82,https://xinzuocutlery.com/collections/nakiri-knife,0,0,0.00,0.68,0,"[0,14,14,14,14,78,100]",2026-03-10,"Sitelinks, Video, Image, Video Carousel, Popular products, Related searches",commercial,Organic
knife xinzuo 3 pcs,56,56,50,0,0.00,https://xinzuocutlery.com/products/xinzuo-10-pcs-kitchen-knife-set-triple-layer-composited-steel-with-olive-wood-handle-razor-sharp-ergonomic-design-pin-series,0,0,0.00,0.33,0,"[0,0,0,81,81,81,45,100,100,45,18,18]",2026-03-12,"Sitelinks, Video, Image, Popular products, Related searches","informational, transactional",Organic
xinzuo 440c gyuto,57,57,40,,0.00,https://xinzuocutlery.com/collections/knife-set,0,0,0.00,0.03,188,"[9,45,27,81,9,9,9,100,100,18,18,18]",2026-03-25,"Image pack, Sitelinks, Video, Video Carousel, Popular products, Related searches",commercial,Organic
xinzuo knife 2pcs,57,57,70,0,0.00,https://xinzuocutlery.com/collections/yu-pattern-damascus-series,0,0,0.00,0.33,0,"[0,0,0,52,100,52,33,52,66,19,9,9]",2026-03-08,"Sitelinks, Video, Image, Popular products, Related searches",transactional,Organic
damascus steel knives xinzuo,57,57,40,11,0.00,https://xinzuocutlery.com/products/xinzuo-7-piece-67-layers-damascus-steel-kitchen-knife-set-with-block-and-kitchen-scissor-ya-series,0,0,0.00,0.33,138000,"[0,0,0,9,45,100,18,100,100,18,18,18]",2026-03-25,"Sitelinks, Video, Image, Video Carousel, Popular products, Related searches, Discussions and forums",commercial,Organic
knife xinzuo 3 pcs,57,57,50,0,0.00,https://xinzuocutlery.com/products/xinzuo-8-5-inch-chef-knife,0,0,0.00,0.33,0,"[0,0,0,81,81,81,45,100,100,45,18,18]",2026-03-12,"Sitelinks, Video, Image, Popular products, Related searches","informational, transactional",Organic
xinzuo knife review,58,58,30,0,0.77,https://xinzuocutlery.com/collections/santoku-knife,0,0,0.00,1,0,"[6,6,6,6,6,6,12,21,21,6,6,6]",2026-03-10,"Sitelinks, Video, Video Carousel, Related searches, Discussions and forums, AI overview","commercial, informational",Organic
xinzuo 440c gyuto,58,58,40,,0.00,https://xinzuocutlery.com/collections/jiang-pattern-damascus-series,0,0,0.00,0.03,188,"[9,45,27,81,9,9,9,100,100,18,18,18]",2026-03-25,"Image pack, Sitelinks, Video, Video Carousel, Popular products, Related searches",commercial,Organic
gyutou knife,58,58,110,15,0.64,https://xinzuocutlery.com/collections/chef-knives-gyuto,0,0,0.00,1,0,"[21,9,28,21,65,43,34,34,43,43,34,43]",2026-03-15,"Local pack, Sitelinks, Video, Image, Video Carousel, Popular products, Related searches",commercial,Organic
xinzuo knife 2pcs,58,58,70,0,0.00,https://xinzuocutlery.com/collections/feng-pattern-damascus-series,0,0,0.00,0.33,0,"[0,0,0,52,100,52,33,52,66,19,9,9]",2026-03-08,"Sitelinks, Video, Image, Popular products, Related searches",transactional,Organic
knife xinzuo 3 pcs,58,58,50,0,0.00,https://xinzuocutlery.com/products/xinzuo-lan-series-3-layer-composite-steel-8pcs-knife-set,0,0,0.00,0.33,0,"[0,0,0,81,81,81,45,100,100,45,18,18]",2026-03-12,"Sitelinks, Video, Image, Popular products, Related searches","informational, transactional",Organic
japanese aus10 steel,58,58,30,5,0.98,https://xinzuocutlery.com/products/xinzuo-7-inches-67-layers-japanese-aus-10-damascus-steel-multipurpose-knife-jiang-series,0,0,0.00,0.54,370000,"[28,100,14,14,14,14,14,14,14,14,14,14]",2026-02-13,"Sitelinks, Video, People also ask, Related searches, AI overview",commercial,Organic
xinzuo 440c gyuto,59,59,40,,0.00,https://xinzuocutlery.com/collections/knife-set,0,0,0.00,0.03,188,"[9,45,27,81,9,9,9,100,100,18,18,18]",2026-03-25,"Image pack, Sitelinks, Video, Video Carousel, Popular products, Related searches",commercial,Organic
zt knives warranty,59,59,70,14,0.00,https://xinzuocutlery.com/pages/lifetime-warranty,0,0,0.00,0,395000,"[55,77,77,100,77,77,55,77,55,22,77,77]",2026-03-04,"Sitelinks, Video, People also ask, Related searches","navigational, transactional",Organic
xinzuo knives,59,59,110,0,0.64,https://xinzuocutlery.com/collections/chef-knives-gyuto-1,0,0,0.00,1,182000,"[42,80,0,42,34,80,42,65,65,19,11,19]",2026-02-01,"Image pack, Sitelinks, Video, Image, Video Carousel, People also ask, Popular products, Related searches",commercial,Organic
xinzuo knife 2pcs,59,59,70,0,0.00,https://xinzuocutlery.com/collections/yu-stainless-steel-series,0,0,0.00,0.33,0,"[0,0,0,52,100,52,33,52,66,19,9,9]",2026-03-08,"Sitelinks, Video, Image, Popular products, Related searches",transactional,Organic
damascus steel knives xinzuo,59,59,40,11,0.00,https://xinzuocutlery.com/collections/utility-knives,0,0,0.00,0.33,138000,"[0,0,0,9,45,100,18,100,100,18,18,18]",2026-03-25,"Sitelinks, Video, Image, Video Carousel, Popular products, Related searches, Discussions and forums",commercial,Organic
xinzuo knife,59,59,140,22,0.64,https://xinzuocutlery.com/collections/santoku-knives,0,0,0.00,1,234000,"[100,11,18,11,5,5,5,8,6,23,35,35]",2026-03-03,"Sitelinks, Video, Image, Video Carousel, People also ask, Popular products, Related searches",commercial,Organic
knife xinzuo 3 pcs,59,59,50,0,0.00,https://xinzuocutlery.com/products/yi-damascus-series-4pcs-kitchen-knife-set,0,0,0.00,0.33,0,"[0,0,0,81,81,81,45,100,100,45,18,18]",2026-03-12,"Sitelinks, Video, Image, Popular products, Related searches","informational, transactional",Organic
8.2inch,59,0,40,13,0.00,https://xinzuocutlery.com/products/xinzuo-zhen-series-8-2-inch-chefs-knife,0,0,0.00,0,2560000,"[63,100,27,0,0,0,0,0,0,100,81,63]",2026-03-30,"Instant answer, Image pack, Sitelinks, Video",informational,Organic
xinzuo 440c gyuto,60,60,40,,0.00,https://xinzuocutlery.com/collections/utility-knives,0,0,0.00,0.03,188,"[9,45,27,81,9,9,9,100,100,18,18,18]",2026-03-25,"Image pack, Sitelinks, Video, Video Carousel, Popular products, Related searches",commercial,Organic
xinzuo knife 2pcs,60,60,70,0,0.00,https://xinzuocutlery.com/products/xinzuo-5-piece-110-layers-damascus-steel-kitchen-knife-set-jiang-series,0,0,0.00,0.33,0,"[0,0,0,52,100,52,33,52,66,19,9,9]",2026-03-08,"Sitelinks, Video, Image, Popular products, Related searches",transactional,Organic
damascus steel knives xinzuo,60,60,40,11,0.00,https://xinzuocutlery.com/collections/damascus-knives?page=2,0,0,0.00,0.33,138000,"[0,0,0,9,45,100,18,100,100,18,18,18]",2026-03-25,"Sitelinks, Video, Image, Video Carousel, Popular products, Related searches, Discussions and forums",commercial,Organic
xinzuo knife,60,60,140,22,0.64,https://xinzuocutlery.com/collections/knife-set-2,0,0,0.00,1,234000,"[100,11,18,11,5,5,5,8,6,23,35,35]",2026-03-03,"Sitelinks, Video, Image, Video Carousel, People also ask, Popular products, Related searches",commercial,Organic
knife xinzuo 3 pcs,60,60,50,0,0.00,https://xinzuocutlery.com/products/xinzuo-8pcs-kitchen-knife-set-triple-layer-composited-steel-with-olive-wood-handle-razor-sharp-ergonomic-design-pin-series,0,0,0.00,0.33,0,"[0,0,0,81,81,81,45,100,100,45,18,18]",2026-03-12,"Sitelinks, Video, Image, Popular products, Related searches","informational, transactional",Organic
xinzuo 440c gyuto,61,61,40,,0.00,https://xinzuocutlery.com/collections/carving-knife-1,0,0,0.00,0.03,188,"[9,45,27,81,9,9,9,100,100,18,18,18]",2026-03-25,"Image pack, Sitelinks, Video, Video Carousel, Popular products, Related searches",commercial,Organic
xinzuo knives,61,61,110,0,0.64,https://xinzuocutlery.com/collections/kitchen-accessories,0,0,0.00,1,182000,"[42,80,0,42,34,80,42,65,65,19,11,19]",2026-02-01,"Image pack, Sitelinks, Video, Image, Video Carousel, People also ask, Popular products, Related searches",commercial,Organic
xinzuo knife 2pcs,61,61,70,0,0.00,https://xinzuocutlery.com/collections/xinzuo-cleaver-knife-3-layers-clad-steel-with-red-wood-handle-copper-rivets-58-60hrc-fu-series/fu-series,0,0,0.00,0.33,0,"[0,0,0,52,100,52,33,52,66,19,9,9]",2026-03-08,"Sitelinks, Video, Image, Popular products, Related searches",transactional,Organic
damascus steel knives xinzuo,61,61,40,11,0.00,https://xinzuocutlery.com/products/xinzuo-8-inches-110-layers-damascus-steel-chef-knife-jiang-series,0,0,0.00,0.33,138000,"[0,0,0,9,45,100,18,100,100,18,18,18]",2026-03-25,"Sitelinks, Video, Image, Video Carousel, Popular products, Related searches, Discussions and forums",commercial,Organic
knife xinzuo 3 pcs,61,61,50,0,0.00,https://xinzuocutlery.com/products/xinzuo-5-piece-110-layers-damascus-steel-kitchen-knife-set-jiang-series,0,0,0.00,0.33,0,"[0,0,0,81,81,81,45,100,100,45,18,18]",2026-03-12,"Sitelinks, Video, Image, Popular products, Related searches","informational, transactional",Organic
xinzuo 440c gyuto,62,62,40,,0.00,https://xinzuocutlery.com/collections/best-sellers,0,0,0.00,0.03,188,"[9,45,27,81,9,9,9,100,100,18,18,18]",2026-03-25,"Image pack, Sitelinks, Video, Video Carousel, Popular products, Related searches",commercial,Organic
damascus steel knives xinzuo,62,62,40,11,0.00,https://xinzuocutlery.com/collections/jiang-pattern-damascus-series/jiang-series,0,0,0.00,0.33,138000,"[0,0,0,9,45,100,18,100,100,18,18,18]",2026-03-25,"Sitelinks, Video, Image, Video Carousel, Popular products, Related searches, Discussions and forums",commercial,Organic
kiritsuke gyuto,62,62,140,11,0.62,https://xinzuocutlery.com/collections/kiritsuke-knives,0,0,0.00,1,718000,"[80,53,42,42,34,65,65,65,53,53,65,53]",2026-03-03,"Image pack, Sitelinks, Video, Image, People also ask, Popular products, Related searches, AI overview",commercial,Organic
xinzuo knife,62,62,140,22,0.64,https://xinzuocutlery.com/collections/utility-knives,0,0,0.00,1,234000,"[100,11,18,11,5,5,5,8,6,23,35,35]",2026-03-03,"Sitelinks, Video, Image, Video Carousel, People also ask, Popular products, Related searches",commercial,Organic
knife xinzuo 3 pcs,62,62,50,0,0.00,https://xinzuocutlery.com/products/xinzuo-lan-series-3-layer-composite-steel-6pcs-knife-set,0,0,0.00,0.33,0,"[0,0,0,81,81,81,45,100,100,45,18,18]",2026-03-12,"Sitelinks, Video, Image, Popular products, Related searches","informational, transactional",Organic
xinzuo knife review,63,63,30,0,0.77,https://xinzuocutlery.com/collections/best-sellers,0,0,0.00,1,0,"[6,6,6,6,6,6,12,21,21,6,6,6]",2026-03-10,"Sitelinks, Video, Video Carousel, Related searches, Discussions and forums, AI overview","commercial, informational",Organic
xinzuo 440c gyuto,63,63,40,,0.00,https://xinzuocutlery.com/collections/santoku-knife,0,0,0.00,0.03,188,"[9,45,27,81,9,9,9,100,100,18,18,18]",2026-03-25,"Image pack, Sitelinks, Video, Video Carousel, Popular products, Related searches",commercial,Organic
damascus steel knives xinzuo,63,63,40,11,0.00,https://xinzuocutlery.com/products/xinzuo-8-inch-67-layers-damascus-steel-kitchen-knife-chef-knife-ya-series,0,0,0.00,0.33,138000,"[0,0,0,9,45,100,18,100,100,18,18,18]",2026-03-25,"Sitelinks, Video, Image, Video Carousel, Popular products, Related searches, Discussions and forums",commercial,Organic
xinzuo knife,63,63,140,22,0.64,https://xinzuocutlery.com/collections/best-sellers,0,0,0.00,1,234000,"[100,11,18,11,5,5,5,8,6,23,35,35]",2026-03-03,"Sitelinks, Video, Image, Video Carousel, People also ask, Popular products, Related searches",commercial,Organic
knife xinzuo 3 pcs,63,63,50,0,0.00,https://xinzuocutlery.com/products/xinzuo-professional-chef-knife-triple-layer-composited-steel-with-olive-wood-handle-razor-sharp-ergonomic-design-pin-series,0,0,0.00,0.33,0,"[0,0,0,81,81,81,45,100,100,45,18,18]",2026-03-12,"Sitelinks, Video, Image, Popular products, Related searches","informational, transactional",Organic
xinzuo 440c gyuto,64,64,40,,0.00,https://xinzuocutlery.com/collections/utility-knife,0,0,0.00,0.03,188,"[9,45,27,81,9,9,9,100,100,18,18,18]",2026-03-25,"Image pack, Sitelinks, Video, Video Carousel, Popular products, Related searches",commercial,Organic
kyokuto knives,64,64,30,19,1.07,https://xinzuocutlery.com/collections/chef-knives-gyuto,0,0,0.00,1,5930,"[14,14,14,14,14,14,78,14,14,14,14,14]",2026-03-25,"Image pack, Sitelinks, Video, Image, Video Carousel, Popular products, Related searches",commercial,Organic
color damascus,64,64,140,4,0.00,https://xinzuocutlery.com/products/xinzuo-7-inches-santoku-knife-53-layer-tri-color-copper-damascus-steel-rosewood-handle-acacia-wooden-gift-box-packing,0,0,0.00,0.06,0,"[34,42,19,26,15,65,65,42,53,65,100,80]",2026-03-18,"Image pack, Sitelinks, Video, Image, Video Carousel, Popular products, Related searches","commercial, informational",Organic
knife xinzuo 3 pcs,64,64,50,0,0.00,https://xinzuocutlery.com/products/xinzuo-8-5-inch-chef-knife,0,0,0.00,0.33,0,"[0,0,0,81,81,81,45,100,100,45,18,18]",2026-03-12,"Sitelinks, Video, Image, Popular products, Related searches","informational, transactional",Organic
xinzuo 440c gyuto,65,65,40,,0.00,https://xinzuocutlery.com/collections/carving-knives,0,0,0.00,0.03,188,"[9,45,27,81,9,9,9,100,100,18,18,18]",2026-03-25,"Image pack, Sitelinks, Video, Video Carousel, Popular products, Related searches",commercial,Organic
xinzuo knives,65,65,110,0,0.64,https://xinzuocutlery.com/products/yun-damascus-series-xinzuo-8-5-chef-knife,0,0,0.00,1,182000,"[42,80,0,42,34,80,42,65,65,19,11,19]",2026-02-01,"Image pack, Sitelinks, Video, Image, Video Carousel, People also ask, Popular products, Related searches",commercial,Organic
damascus steel knives xinzuo,65,65,40,11,0.00,https://xinzuocutlery.com/products/xinzuo-3-piece-knife-set-67-layers-black-damascus-steel-chef-knife-santoku-knife-kitchen-utility-knife-with-burnt-oak-handle-mo-series,0,0,0.00,0.33,138000,"[0,0,0,9,45,100,18,100,100,18,18,18]",2026-03-25,"Sitelinks, Video, Image, Video Carousel, Popular products, Related searches, Discussions and forums",commercial,Organic
xinzuo knife review,66,66,30,0,0.77,https://xinzuocutlery.com/collections/best-sellers,0,0,0.00,1,0,"[6,6,6,6,6,6,12,21,21,6,6,6]",2026-03-10,"Sitelinks, Video, Video Carousel, Related searches, Discussions and forums, AI overview","commercial, informational",Organic
xinzuo 440c gyuto,66,66,40,,0.00,https://xinzuocutlery.com/collections/steak-knife-1,0,0,0.00,0.03,188,"[9,45,27,81,9,9,9,100,100,18,18,18]",2026-03-25,"Image pack, Sitelinks, Video, Video Carousel, Popular products, Related searches",commercial,Organic
xinzuo 440c gyuto,67,67,40,,0.00,https://xinzuocutlery.com/collections/yu-pattern-damascus-series,0,0,0.00,0.03,188,"[9,45,27,81,9,9,9,100,100,18,18,18]",2026-03-25,"Image pack, Sitelinks, Video, Video Carousel, Popular products, Related searches",commercial,Organic
xinzuo knives,67,67,110,0,0.64,https://xinzuocutlery.com/products/xinzuo-8-5-inch-chef-knife,0,0,0.00,1,182000,"[42,80,0,42,34,80,42,65,65,19,11,19]",2026-02-01,"Image pack, Sitelinks, Video, Image, Video Carousel, People also ask, Popular products, Related searches",commercial,Organic
damascus knives gyuto,67,67,70,3,0.00,https://xinzuocutlery.com/collections/chef-knives-gyuto,0,0,0.00,0.33,809000,"[0,14,35,50,50,78,100,35,21]",2026-02-28,"Sitelinks, Video, Image, Video Carousel, People also ask, Popular products, Related searches",commercial,Organic
stainless steel meat cleaver,68,68,90,8,0.72,https://xinzuocutlery.com/collections/meat-cleaver,0,0,0.00,0.69,0,"[7,7,7,7,7,7,42,42,42,65,100,42]",2026-03-10,"Sitelinks, Video, Image, Video Carousel, Popular products, Related searches, Discussions and forums",commercial,Organic
damascus steel knives xinzuo,68,68,40,11,0.00,https://xinzuocutlery.com/collections/damascus-knives?page=2,0,0,0.00,0.33,138000,"[0,0,0,9,45,100,18,100,100,18,18,18]",2026-03-25,"Sitelinks, Video, Image, Video Carousel, Popular products, Related searches, Discussions and forums",commercial,Organic
gyuto chef knives,69,69,30,17,0.81,https://xinzuocutlery.com/collections/chef-knives-gyuto,0,0,0.00,0.57,0,"[4,0,4,4,19,4,100,0,0,0,4,4]",2026-03-10,"Sitelinks, Video, Image, Popular products, Related searches, Discussions and forums",commercial,Organic
xinzuo knives,70,70,110,0,0.64,https://xinzuocutlery.com/products/xinzuo-7-inches-110-layers-damascus-steel-gyuto-knife-chef-knife-jiang-series,0,0,0.00,1,182000,"[42,80,0,42,34,80,42,65,65,19,11,19]",2026-02-01,"Image pack, Sitelinks, Video, Image, Video Carousel, People also ask, Popular products, Related searches",commercial,Organic
damascus steel knives xinzuo,70,70,40,11,0.00,https://xinzuocutlery.com/products/xinzuo-5-6-inches-67-layers-black-damascus-steel-kitchen-utility-knife-with-burnt-oak-handle-mo-series,0,0,0.00,0.33,138000,"[0,0,0,9,45,100,18,100,100,18,18,18]",2026-03-25,"Sitelinks, Video, Image, Video Carousel, Popular products, Related searches, Discussions and forums",commercial,Organic
gyutou chef knife,71,71,70,17,0.00,https://xinzuocutlery.com/collections/chef-knives-gyuto,0,0,0.00,1,190000,"[100,2,0,2,2,2,2,2,2,2,2,2]",2026-02-27,"Sitelinks, Video, Image, Video Carousel, Popular products, Related searches",commercial,Organic
xinzuo knives,72,72,110,0,0.64,https://xinzuocutlery.com/products/xinzuo-5-piece-110-layers-damascus-steel-kitchen-knife-set-jiang-series,0,0,0.00,1,182000,"[42,80,0,42,34,80,42,65,65,19,11,19]",2026-02-01,"Image pack, Sitelinks, Video, Image, Video Carousel, People also ask, Popular products, Related searches",commercial,Organic
damascus steel knives xinzuo,73,73,40,11,0.00,https://xinzuocutlery.com/collections/chef-knives-gyuto,0,0,0.00,0.33,138000,"[0,0,0,9,45,100,18,100,100,18,18,18]",2026-03-25,"Sitelinks, Video, Image, Video Carousel, Popular products, Related searches, Discussions and forums",commercial,Organic
xinzuo knives,74,74,110,0,0.64,https://xinzuocutlery.com/collections/stainless-steel-knives/composite-steel-series,0,0,0.00,1,182000,"[42,80,0,42,34,80,42,65,65,19,11,19]",2026-02-01,"Image pack, Sitelinks, Video, Image, Video Carousel, People also ask, Popular products, Related searches",commercial,Organic
historical damascus,74,74,110,39,0.00,https://xinzuocutlery.com/blogs/news/the-historical-background-of-damascus-kitchen-knives,0,0,0.00,0,25100000,"[9,42,52,19,42,66,66,66,33,52,66,80]",2026-03-02,"Local pack, Sitelinks, Video, Image, Video Carousel, People also ask, Related searches, AI overview",informational,Organic
damascus butcher knife,75,75,140,10,1.27,https://xinzuocutlery.com/collections/damascus-knives,0,0,0.00,1,1180000,"[65,43,28,34,28,28,43,34,65,43,28,43]",2026-02-11,"Image pack, Sitelinks, Video, Image, Video Carousel, People also ask, Popular products, Related searches","informational, transactional",Organic
damascus steel knives xinzuo,75,75,40,11,0.00,https://xinzuocutlery.com/products/xinzuo-5-piece-110-layers-damascus-steel-kitchen-knife-set-jiang-series,0,0,0.00,0.33,138000,"[0,0,0,9,45,100,18,100,100,18,18,18]",2026-03-25,"Sitelinks, Video, Image, Video Carousel, Popular products, Related searches, Discussions and forums",commercial,Organic
meat cleaver knives,75,75,320,24,1.49,https://xinzuocutlery.com/collections/meat-cleaver-knife,0,0,0.00,1,0,"[16,11,20,20,16,52,52,2,0,1,3,0]",2026-03-10,"Sitelinks, Video, Image, Video Carousel, Popular products, Related searches",commercial,Organic
xinzuo knives,76,76,110,0,0.64,https://xinzuocutlery.com/collections/santoku-knife,0,0,0.00,1,182000,"[42,80,0,42,34,80,42,65,65,19,11,19]",2026-02-01,"Image pack, Sitelinks, Video, Image, Video Carousel, People also ask, Popular products, Related searches",commercial,Organic
black damascus knife,77,77,30,2,0.97,https://xinzuocutlery.com/collections/damascus-knives,0,0,0.00,1,12800000,"[64,11,11,11,11,11,11,11,11,11,11,11]",2026-01-22,"Image pack, Sitelinks, Video, Image, Related searches",informational,Organic
damascus steel knives xinzuo,77,77,40,11,0.00,https://xinzuocutlery.com/products/yun-damascus-series-5pcs-kitchen-knife-set,0,0,0.00,0.33,138000,"[0,0,0,9,45,100,18,100,100,18,18,18]",2026-03-25,"Sitelinks, Video, Image, Video Carousel, Popular products, Related searches, Discussions and forums",commercial,Organic
acacia cutting board end grain,78,78,70,6,0.71,https://xinzuocutlery.com/products/xinzuo-acacia-wood-cutting-board-for-kitchen-end-grain-cutting-board,0,0,0.00,1,863000,"[3,3,42,34,34,80,42,3,3,0,0,100]",2026-02-28,"Sitelinks, Video, Image, Video Carousel, People also ask, Popular products, Related searches, Discussions and forums, AI overview",commercial,Organic
xinzuo knives,78,78,110,0,0.64,https://xinzuocutlery.com/products/xinzuo-yi-series-8-5-in-chef-knife,0,0,0.00,1,182000,"[42,80,0,42,34,80,42,65,65,19,11,19]",2026-02-01,"Image pack, Sitelinks, Video, Image, Video Carousel, People also ask, Popular products, Related searches",commercial,Organic
damascus steel knives xinzuo,78,78,40,11,0.00,https://xinzuocutlery.com/collections/cleaver-knife,0,0,0.00,0.33,138000,"[0,0,0,9,45,100,18,100,100,18,18,18]",2026-03-25,"Sitelinks, Video, Image, Video Carousel, Popular products, Related searches, Discussions and forums",commercial,Organic
damascus steel knives xinzuo,79,79,40,11,0.00,https://xinzuocutlery.com/collections/he-hammer-damascus-series,0,0,0.00,0.33,138000,"[0,0,0,9,45,100,18,100,100,18,18,18]",2026-03-25,"Sitelinks, Video, Image, Video Carousel, Popular products, Related searches, Discussions and forums",commercial,Organic
damascus steel knives xinzuo,80,80,40,11,0.00,https://xinzuocutlery.com/products/xinzuo-pm8-series-67-layers-damascus-chef-knife-8-5-inch,0,0,0.00,0.33,138000,"[0,0,0,9,45,100,18,100,100,18,18,18]",2026-03-25,"Sitelinks, Video, Image, Video Carousel, Popular products, Related searches, Discussions and forums",commercial,Organic
xinzuo knives,81,81,110,0,0.64,https://xinzuocutlery.com/collections/yu-stainless-steel-series,0,0,0.00,1,182000,"[42,80,0,42,34,80,42,65,65,19,11,19]",2026-02-01,"Image pack, Sitelinks, Video, Image, Video Carousel, People also ask, Popular products, Related searches",commercial,Organic
damascus steel knives xinzuo,81,81,40,11,0.00,https://xinzuocutlery.com/collections/zhen-hammer-damascus-series,0,0,0.00,0.33,138000,"[0,0,0,9,45,100,18,100,100,18,18,18]",2026-03-25,"Sitelinks, Video, Image, Video Carousel, Popular products, Related searches, Discussions and forums",commercial,Organic
damascus steel japanese kitchen knives,82,82,40,11,1.38,https://xinzuocutlery.com/collections/damascus-knives,0,0,0.00,1,0,"[14,14,14,14,14,14,14,14,14,14,78,100]",2026-03-19,"Sitelinks, Video, Image, Video Carousel, Popular products, Related searches",commercial,Organic
damascus steel knives xinzuo,82,82,40,11,0.00,https://xinzuocutlery.com/collections/all,0,0,0.00,0.33,138000,"[0,0,0,9,45,100,18,100,100,18,18,18]",2026-03-25,"Sitelinks, Video, Image, Video Carousel, Popular products, Related searches, Discussions and forums",commercial,Organic
chef knife cleaver,82,82,90,17,1.08,https://xinzuocutlery.com/collections/cleaver-knife,0,0,0.00,1,4050000,"[43,17,17,28,23,23,28,23,23,23,10,12]",2026-01-30,"Sitelinks, Video, Image, Video Carousel, Popular products, Related searches",transactional,Organic
1.4116 steel hardness,83,83,50,,0.00,https://xinzuocutlery.com/products/xinzuo-zhi-series-german-1-4116-steel-steak-knife,0,0,0.00,0.33,60900,"[11,41,52,64,23,11,11,100,11,11,11,11]",2026-03-04,"Sitelinks, Video, People also ask, Related searches, AI overview",informational,Organic
xinzuo knives,83,83,110,0,0.64,https://xinzuocutlery.com/products/xinzuo-lan-series-73-layers-damascus-chef-knife,0,0,0.00,1,182000,"[42,80,0,42,34,80,42,65,65,19,11,19]",2026-02-01,"Image pack, Sitelinks, Video, Image, Video Carousel, People also ask, Popular products, Related searches",commercial,Organic
damascus steel knives xinzuo,83,83,40,11,0.00,https://xinzuocutlery.com/collections/yu-hammer-damascus-series,0,0,0.00,0.33,138000,"[0,0,0,9,45,100,18,100,100,18,18,18]",2026-03-25,"Sitelinks, Video, Image, Video Carousel, Popular products, Related searches, Discussions and forums",commercial,Organic
kyoku cleaver,84,84,30,12,0.42,https://xinzuocutlery.com/collections/cleaver-knife,0,0,0.00,0.94,13000,"[52,9,9,9,9,9,9,9,9,9,9,9]",2026-01-15,"Image pack, Sitelinks, Video, Image, Video Carousel, People also ask, Popular products, Related searches","commercial, informational",Organic
damascus steel knives xinzuo,84,84,40,11,0.00,https://xinzuocutlery.com/collections/yu-pattern-damascus-series,0,0,0.00,0.33,138000,"[0,0,0,9,45,100,18,100,100,18,18,18]",2026-03-25,"Sitelinks, Video, Image, Video Carousel, Popular products, Related searches, Discussions and forums",commercial,Organic
steelseries discount coupons,85,85,880,,0.73,https://xinzuocutlery.com/pages/heroes-discount,0,0,0.00,0.78,890000,"[13,8,8,8,84,100,84,5,37,46,37,84]",2026-01-29,"Sitelinks, Video, Ads top, Ads bottom, Related searches","informational, transactional",Organic
teton edge santoku knife,85,85,30,1,0.68,https://xinzuocutlery.com/collections/santoku-knife,0,0,0.00,1,3820,"[36,18,18,18,18,18,18,18,100,18,18,18]",2026-02-22,"Image pack, Sitelinks, Video, Image, Video Carousel, People also ask, Popular products, Related searches","informational, transactional",Organic
xinzuo knives,85,85,110,0,0.64,https://xinzuocutlery.com/products/xinzuo-7-inches-110-layers-damascus-steel-gyuto-knife-chef-knife-jiang-series,0,0,0.00,1,182000,"[42,80,0,42,34,80,42,65,65,19,11,19]",2026-02-01,"Image pack, Sitelinks, Video, Image, Video Carousel, People also ask, Popular products, Related searches",commercial,Organic
damascus steel knives xinzuo,85,85,40,11,0.00,https://xinzuocutlery.com/products/xinzuo-pm8-series-67-layers-damascus-santoku-knife-5-5-inch,0,0,0.00,0.33,138000,"[0,0,0,9,45,100,18,100,100,18,18,18]",2026-03-25,"Sitelinks, Video, Image, Video Carousel, Popular products, Related searches, Discussions and forums",commercial,Organic
xinzuo knives,86,86,110,0,0.64,https://xinzuocutlery.com/collections/santoku-knife-1,0,0,0.00,1,182000,"[42,80,0,42,34,80,42,65,65,19,11,19]",2026-02-01,"Image pack, Sitelinks, Video, Image, Video Carousel, People also ask, Popular products, Related searches",commercial,Organic
damascus steel knives xinzuo,86,86,40,11,0.00,https://xinzuocutlery.com/products/xinzuo-he-hammer-damascus-series-5pcs-kitchen-knife-set,0,0,0.00,0.33,138000,"[0,0,0,9,45,100,18,100,100,18,18,18]",2026-03-25,"Sitelinks, Video, Image, Video Carousel, Popular products, Related searches, Discussions and forums",commercial,Organic
victorinox chinese cleaver,87,87,40,11,0.69,https://xinzuocutlery.com/collections/cleaver-knife,0,0,0.00,1,217000,"[9,6,6,6,2,2,2,6,2,4,5,4]",2026-03-01,"Knowledge panel, Sitelinks, Video, Video Carousel, People also ask, Popular products, Related searches, Discussions and forums","informational, transactional",Organic
damascus steel knives xinzuo,87,87,40,11,0.00,https://xinzuocutlery.com/products/xinzuo-8-3-inches-kiritsuke-chef-knife-53-layer-tri-color-copper-damascus-steel-rosewood-handle-acacia-wooden-gift-box-packing,0,0,0.00,0.33,138000,"[0,0,0,9,45,100,18,100,100,18,18,18]",2026-03-25,"Sitelinks, Video, Image, Video Carousel, Popular products, Related searches, Discussions and forums",commercial,Organic
xinzuo knives,88,88,110,0,0.64,https://xinzuocutlery.com/collections/lan-pattern-damascus-series-kitchen-knife-set,0,0,0.00,1,182000,"[42,80,0,42,34,80,42,65,65,19,11,19]",2026-02-01,"Image pack, Sitelinks, Video, Image, Video Carousel, People also ask, Popular products, Related searches",commercial,Organic
damascus steel knives xinzuo,88,88,40,11,0.00,https://xinzuocutlery.com/products/yun-damascus-series-5pcs-kitchen-knife-set,0,0,0.00,0.33,138000,"[0,0,0,9,45,100,18,100,100,18,18,18]",2026-03-25,"Sitelinks, Video, Image, Video Carousel, Popular products, Related searches, Discussions and forums",commercial,Organic
xinzuo knives,89,89,110,0,0.64,https://xinzuocutlery.com/collections/carving-knife-1,0,0,0.00,1,182000,"[42,80,0,42,34,80,42,65,65,19,11,19]",2026-02-01,"Image pack, Sitelinks, Video, Image, Video Carousel, People also ask, Popular products, Related searches",commercial,Organic
damascus steel knives xinzuo,89,89,40,11,0.00,https://xinzuocutlery.com/products/xinzuo-5-piece-67-layers-japanese-aus-10-damascus-steel-kitchen-knife-set-jiang-series,0,0,0.00,0.33,138000,"[0,0,0,9,45,100,18,100,100,18,18,18]",2026-03-25,"Sitelinks, Video, Image, Video Carousel, Popular products, Related searches, Discussions and forums",commercial,Organic
xinzuo knives,90,90,110,0,0.64,https://xinzuocutlery.com/collections/best-sellers,0,0,0.00,1,182000,"[42,80,0,42,34,80,42,65,65,19,11,19]",2026-02-01,"Image pack, Sitelinks, Video, Image, Video Carousel, People also ask, Popular products, Related searches",commercial,Organic
damascus steel knives xinzuo,90,90,40,11,0.00,https://xinzuocutlery.com/collections/santoku-knife,0,0,0.00,0.33,138000,"[0,0,0,9,45,100,18,100,100,18,18,18]",2026-03-25,"Sitelinks, Video, Image, Video Carousel, Popular products, Related searches, Discussions and forums",commercial,Organic
xinzuo knives,91,91,110,0,0.64,https://xinzuocutlery.com/products/xinzuo-8-inches-110-layers-damascus-steel-chef-knife-jiang-series,0,0,0.00,1,182000,"[42,80,0,42,34,80,42,65,65,19,11,19]",2026-02-01,"Image pack, Sitelinks, Video, Image, Video Carousel, People also ask, Popular products, Related searches",commercial,Organic
damascus steel knives xinzuo,91,91,40,11,0.00,https://xinzuocutlery.com/collections/zhen-pm80-pattern-damascus-series,0,0,0.00,0.33,138000,"[0,0,0,9,45,100,18,100,100,18,18,18]",2026-03-25,"Sitelinks, Video, Image, Video Carousel, Popular products, Related searches, Discussions and forums",commercial,Organic
xinzuo knives,92,92,110,0,0.64,https://xinzuocutlery.com/products/xinzuo-knife,0,0,0.00,1,182000,"[42,80,0,42,34,80,42,65,65,19,11,19]",2026-02-01,"Image pack, Sitelinks, Video, Image, Video Carousel, People also ask, Popular products, Related searches",commercial,Organic
damascus steel knives xinzuo,92,92,40,11,0.00,https://xinzuocutlery.com/products/xinzuo-he-damascus-series-6pcs-kitchen-knife-set,0,0,0.00,0.33,138000,"[0,0,0,9,45,100,18,100,100,18,18,18]",2026-03-25,"Sitelinks, Video, Image, Video Carousel, Popular products, Related searches, Discussions and forums",commercial,Organic
damascus steel knives xinzuo,93,93,40,11,0.00,https://xinzuocutlery.com/collections/cleaver-knife,0,0,0.00,0.33,138000,"[0,0,0,9,45,100,18,100,100,18,18,18]",2026-03-25,"Sitelinks, Video, Image, Video Carousel, Popular products, Related searches, Discussions and forums",commercial,Organic
damascus steel knives xinzuo,94,94,40,11,0.00,https://xinzuocutlery.com/products/xinzuo-pm8-series-67-layers-damascus-chef-knife-8-5-inch,0,0,0.00,0.33,138000,"[0,0,0,9,45,100,18,100,100,18,18,18]",2026-03-25,"Sitelinks, Video, Image, Video Carousel, Popular products, Related searches, Discussions and forums",commercial,Organic
nakiri damascus knife,95,95,90,5,0.96,https://xinzuocutlery.com/collections/nakiri-knife,0,0,0.00,1,0,"[34,34,34,34,100,21,15,9,9,12,15,15]",2026-03-17,"Image pack, Sitelinks, Video, Image, Popular products, Related searches","informational, transactional",Organic
damascus steel knives xinzuo,95,95,40,11,0.00,https://xinzuocutlery.com/collections/he-hammer-damascus-series,0,0,0.00,0.33,138000,"[0,0,0,9,45,100,18,100,100,18,18,18]",2026-03-25,"Sitelinks, Video, Image, Video Carousel, Popular products, Related searches, Discussions and forums",commercial,Organic
damascus steel knives xinzuo,96,96,40,11,0.00,https://xinzuocutlery.com/collections/jiang-pattern-damascus-series/jiang-series,0,0,0.00,0.33,138000,"[0,0,0,9,45,100,18,100,100,18,18,18]",2026-03-25,"Sitelinks, Video, Image, Video Carousel, Popular products, Related searches, Discussions and forums",commercial,Organic
